it_tokens_2w,n.x,...3
students can,50,NA
students work,45,NA
allows students,40,NA
active learning,38,JEDI
inclusive teaching,36,JEDI
learning environment,24,JEDI
group members,21,JEDI
help students,18,JEDI
students may,18,NA
work together,18,NA
allow students,17,NA
many students,16,NA
encourages students,15,JEDI
inclusive learning,15,JEDI
community college,13,JEDI
experimental design,13,NA
encourage students,11,JEDI
lesson students,11,NA
self efficacy,11,JEDI
allowing students,10,NA
authentic research,10,JEDI
college students,10,JEDI
diverse backgrounds,10,JEDI
example students,10,NA
activity students,9,NA
among students,9,NA
cooperative learning,9,JEDI
different backgrounds,9,JEDI
diverse perspectives,9,JEDI
provides students,9,NA
students feel,9,JEDI
accommodate students,8,JEDI
collaborative learning,8,JEDI
group member,8,JEDI
inclusive classroom,8,JEDI
public health,8,JEDI
student engagement,8,JEDI
students also,8,NA
students worked,8,NA
work collaboratively,8,JEDI
assessment questions,7,NA
classroom environment,7,JEDI
engaging students,7,JEDI
formative assessments,7,NA
providing students,7,NA
students learn,7,NA
underrepresented students,7,JEDI
activities students,6,NA
ask students,6,JEDI
biological sex,6,JEDI
class students,6,NA
collaborative nature,6,JEDI
different perspectives,6,JEDI
diverse students,6,JEDI
helps students,6,JEDI
inclusive environment,6,JEDI
require students,6,NA
requires students,6,NA
scientific community,6,JEDI
social justice,6,JEDI
student teams,6,JEDI
students discuss,6,JEDI
students must,6,NA
students regardless,6,NA
students sense,6,JEDI
summative assessment,6,NA
three students,6,NA
undergraduate students,6,JEDI
universal design,6,JEDI
visual impairments,6,JEDI
african american,5,JEDI
background knowledge,5,JEDI
caucasian populations,5,JEDI
community colleges,5,JEDI
diverse student,5,JEDI
encourage instructors,5,JEDI
encouraging students,5,JEDI
engage students,5,JEDI
engages students,5,JEDI
english language,5,JEDI
feel comfortable,5,JEDI
generation students,5,JEDI
include students,5,JEDI
individual learning,5,JEDI
minority students,5,JEDI
multiple opportunities,5,JEDI
socioeconomic status,5,JEDI
students engage,5,JEDI
students including,5,NA
summative assessments,5,NA
three dimensional,5,JEDI
visual communication,5,JEDI
visually impaired,5,JEDI
achievement gap,4,JEDI
achievement gaps,4,JEDI
addition students,4,NA
also recommend,4,NA
backgrounds can,4,JEDI
can participate,4,NA
data students,4,NA
developmental biology,4,NA
diverse learning,4,JEDI
diverse ways,4,JEDI
easter eggs,4,NA
encourages participation,4,JEDI
equal access,4,JEDI
equal participation,4,JEDI
four students,4,NA
gender identity,4,JEDI
gives students,4,NA
gratitude interventions,4,JEDI
health care,4,JEDI
historically marginalized,4,JEDI
human health,4,JEDI
individual accountability,4,JEDI
individual student,4,JEDI
inherently inclusive,4,JEDI
large enrollment,4,NA
lesson engages,4,JEDI
minority serving,4,JEDI
native american,4,JEDI
open access,4,JEDI
provide opportunities,4,JEDI
research opportunities,4,JEDI
right answer,4,NA
since students,4,NA
socioeconomic diversity,4,JEDI
students academic,4,NA
students answer,4,NA
students become,4,NA
students especially,4,NA
students might,4,NA
team based,4,JEDI
time needed,4,JEDI
underrepresented minority,4,JEDI
varying backgrounds,4,JEDI
visual information,4,JEDI
academic social,3,JEDI
actively participate,3,JEDI
activity engages,3,JEDI
additionally instructors,3,NA
additionally students,3,NA
allowed students,3,NA
background identity,3,JEDI
background information,3,JEDI
classroom community,3,JEDI
collaboration among,3,JEDI
collaborative group,3,JEDI
color blindness,3,JEDI
community beyond,3,JEDI
congenital heart,3,NA
cooperative group,3,JEDI
critical thinking,3,JEDI
cultural backgrounds,3,JEDI
culturally responsive,3,JEDI
demographic information,3,JEDI
demographic variables,3,JEDI
design students,3,NA
different students,3,JEDI
disabilities can,3,JEDI
diverse array,3,JEDI
diverse cultures,3,JEDI
diverse groups,3,JEDI
diverse ideas,3,JEDI
diversity within,3,NA
economically relevant,3,JEDI
encouraging cooperation,3,JEDI
engage many,3,JEDI
ensure equal,3,JEDI
equitable participation,3,JEDI
equitable teaching,3,JEDI
expose students,3,JEDI
final assignment,3,NA
formative assessment,3,NA
furthermore students,3,NA
genetic diversity,3,NA
group interactions,3,JEDI
group students,3,JEDI
groups students,3,JEDI
growth mindset,3,NA
guide students,3,NA
hands multiple,3,NA
hearing impairments,3,JEDI
heart development,3,NA
hh students,3,JEDI
homework assignments,3,NA
human populations,3,NA
impaired students,3,JEDI
inclusive active,3,JEDI
increase accessibility,3,JEDI
individual instructor,3,JEDI
individual students,3,JEDI
individual work,3,JEDI
individual writing,3,JEDI
individually accountable,3,JEDI
learning management,3,NA
level students,3,NA
make connections,3,JEDI
many individuals,3,NA
may promote,3,NA
may struggle,3,JEDI
multiple hands,3,NA
multiple representations,3,JEDI
multiple voices,3,JEDI
non caucasian,3,JEDI
particularly helpful,3,NA
personal computers,3,NA
personal investment,3,NA
physical disabilities,3,JEDI
presentation students,3,NA
promote inclusion,3,JEDI
promote inclusive,3,JEDI
promote retention,3,NA
provide students,3,JEDI
provides opportunities,3,JEDI
public engagement,3,JEDI
public speaking,3,JEDI
really enjoy,3,JEDI
research articles,3,NA
resource management,3,NA
science particularly,3,NA
sex determination,3,NA
show students,3,NA
significant impacts,3,JEDI
stakes assessments,3,JEDI
strong public,3,NA
student achievement,3,JEDI
students across,3,NA
students complete,3,NA
students find,3,NA
students first,3,NA
students get,3,NA
students independent,3,NA
students make,3,NA
students names,3,NA
students often,3,NA
students receive,3,NA
students self,3,JEDI
students share,3,JEDI
students students,3,JEDI
students time,3,JEDI
students within,3,NA
students without,3,NA
successfully implemented,3,NA
supplementary materials,3,NA
support students,3,JEDI
supportive environment,3,JEDI
team members,3,JEDI
teamwork skills,3,JEDI
time students,3,NA
underrepresented groups,3,JEDI
varied backgrounds,3,JEDI
visual auditory,3,JEDI
visual learners,3,JEDI
visual learning,3,JEDI
visual spatial,3,JEDI
working together,3,NA
abled students,2,JEDI
academic background,2,JEDI
active engagement,2,JEDI
active experimentation,2,JEDI
active participation,2,JEDI
actively engage,2,JEDI
actively engaged,2,JEDI
activity encourages,2,JEDI
added benefit,2,NA
advanced students,2,NA
affects everyone,2,JEDI
age ethnicity,2,NA
allied health,2,JEDI
also addresses,2,NA
also diverse,2,NA
alternative assessment,2,JEDI
american association,2,NA
among members,2,JEDI
analogies encourages,2,NA
appreciate visual,2,JEDI
approach encourages,2,JEDI
approaches implemented,2,JEDI
argumentation module,2,NA
asking students,2,JEDI
asks students,2,JEDI
assessment additionally,2,NA
assigned article,2,NA
assignment also,2,NA
assignment includes,2,NA
assignment section,2,NA
attitudes toward,2,JEDI
audio visual,2,JEDI
authentic data,2,JEDI
backgrounds throughout,2,JEDI
become comfortable,2,JEDI
bioactive compounds,2,NA
biology students,2,JEDI
bird sexes,2,NA
black students,2,JEDI
blindness simulator,2,JEDI
broader community,2,JEDI
builds community,2,JEDI
can access,2,JEDI
can engage,2,JEDI
carefully designed,2,JEDI
challenged students,2,JEDI
christian holiday,2,JEDI
class participation,2,JEDI
coblis color,2,NA
collaborative effort,2,JEDI
collaborative groups,2,JEDI
collaborative process,2,JEDI
collaborative work,2,JEDI
color schemes,2,JEDI
color vision,2,JEDI
colorblindness simulator,2,JEDI
come together,2,NA
comfortable working,2,JEDI
communicate collaborate,2,JEDI
course students,2,NA
courses students,2,NA
creative autonomy,2,JEDI
creative process,2,JEDI
creative thinking,2,JEDI
culturally diverse,2,JEDI
daily lives,2,JEDI
deaf community,2,JEDI
deaf hard,2,JEDI
designing experiments,2,NA
develop camaraderie,2,JEDI
differences among,2,JEDI
different colors,2,JEDI
different cultures,2,JEDI
differently abled,2,JEDI
dimensional manipulative,2,JEDI
dimensional model,2,JEDI
disabilities additionally,2,JEDI
discourage student,2,JEDI
discussion moderator,2,JEDI
discussion students,2,JEDI
discussions students,2,JEDI
diverse group,2,JEDI
diverse identities,2,JEDI
diverse learners,2,JEDI
diverse population,2,JEDI
diverse scientists,2,JEDI
diverse set,2,NA
diversity among,2,JEDI
diversity gap,2,JEDI
diversity issues,2,JEDI
diversity statement,2,JEDI
diversity students,2,JEDI
effective teamwork,2,JEDI
electronic documents,2,NA
emphasize diverse,2,JEDI
empower students,2,JEDI
enables students,2,JEDI
enabling students,2,JEDI
encourage individual,2,JEDI
encourage participation,2,JEDI
encouraging every,2,JEDI
enforcing inclusion,2,JEDI
engaging multiple,2,JEDI
enrollment course,2,NA
enrolls students,2,NA
ensure participation,2,JEDI
environment students,2,JEDI
environmental issue,2,JEDI
environmental issues,2,JEDI
equal time,2,JEDI
equally shared,2,JEDI
ethnic diversity,2,NA
ethnically diverse,2,NA
ethnicity gender,2,NA
even students,2,NA
everyone can,2,JEDI
everyone completes,2,NA
experience students,2,NA
experiences participating,2,JEDI
experiences students,2,JEDI
experiment summary,2,NA
experimental results,2,NA
feel valued,2,JEDI
female students,2,JEDI
final assignments,2,NA
finally students,2,NA
foster participation,2,JEDI
foster productive,2,JEDI
fostering student,2,JEDI
fully participate,2,JEDI
gender geographical,2,JEDI
gender race,2,JEDI
give students,2,NA
giving students,2,NA
graduate students,2,JEDI
group assignment,2,JEDI
group part,2,NA
groups encourages,2,JEDI
groups need,2,JEDI
health disparities,2,JEDI
health insurance,2,JEDI
health issues,2,JEDI
health related,2,JEDI
healthy lifestyles,2,JEDI
heart diseases,2,NA
helping students,2,JEDI
highly adaptable,2,JEDI
highly relevant,2,JEDI
human diseases,2,JEDI
identity including,2,JEDI
identity intersect,2,JEDI
impact human,2,JEDI
implements inclusive,2,JEDI
including underrepresented,2,JEDI
including women,2,JEDI
inclusive environments,2,JEDI
inclusive nature,2,JEDI
increase inclusivity,2,JEDI
individual answers,2,NA
individual data,2,NA
individual preparation,2,NA
individual reflection,2,JEDI
individuals since,2,NA
individuals turn,2,NA
inspired lively,2,JEDI
institutions msis,2,JEDI
instructor individual,2,NA
instructor students,2,NA
instructors encourage,2,JEDI
interactive discussion,2,JEDI
internet connection,2,NA
intimidating opportunity,2,JEDI
introduces students,2,NA
introductory students,2,JEDI
invites strong,2,NA
involves cooperative,2,JEDI
journal articles,2,NA
laboratory assignment,2,NA
learning community,2,JEDI
learning needs,2,JEDI
learning opportunity,2,JEDI
learning udl,2,JEDI
less confident,2,JEDI
leverage diversity,2,JEDI
limited students,2,JEDI
literature articles,2,NA
lived experiences,2,JEDI
lively discussions,2,JEDI
living organisms,2,NA
low income,2,JEDI
make students,2,NA
management system,2,NA
many opportunities,2,JEDI
mapping experiments,2,NA
marginalized communities,2,JEDI
marginalized students,2,JEDI
material students,2,NA
maximize diversity,2,NA
may need,2,NA
mean sex,2,NA
medical team,2,JEDI
members accountable,2,JEDI
mental model,2,JEDI
muscle development,2,NA
news articles,2,NA
nine students,2,NA
non msis,2,JEDI
numerous opportunities,2,JEDI
obligations outside,2,JEDI
offer students,2,JEDI
often predominated,2,JEDI
overcoming hurdles,2,JEDI
pairs students,2,JEDI
part inspired,2,NA
participation among,2,JEDI
particular students,2,NA
particularly monitoring,2,NA
partner within,2,NA
peer interaction,2,JEDI
peer mentoring,2,JEDI
peers backgrounds,2,JEDI
personality types,2,JEDI
physical abilities,2,JEDI
preferences students,2,JEDI
prerequisite knowledge,2,JEDI
presentation anxiety,2,NA
professional backgrounds,2,JEDI
professional development,2,JEDI
promote cooperative,2,JEDI
promote inclusivity,2,JEDI
promotes diversity,2,JEDI
promotes inclusion,2,JEDI
promotes inclusive,2,JEDI
provide encouraging,2,JEDI
providing opportunities,2,JEDI
questions individually,2,NA
quieter students,2,NA
racial ethnic,2,NA
racial minorities,2,JEDI
readily accessible,2,JEDI
reading interactive,2,JEDI
reflective writing,2,JEDI
relevant examples,2,JEDI
remind students,2,NA
report students,2,NA
requiring students,2,NA
research article,2,NA
research teams,2,NA
responsive mentoring,2,JEDI
risk assessment,2,JEDI
safe environment,2,JEDI
screen reader,2,JEDI
screen readers,2,JEDI
semester students,2,NA
sessions students,2,NA
setting students,2,NA
several inclusive,2,NA
sexual determination,2,NA
shows students,2,NA
significant barriers,2,JEDI
simulator students,2,NA
skills particularly,2,NA
small collaborative,2,JEDI
societal barriers,2,NA
socio scientific,2,JEDI
sort students,2,NA
space students,2,NA
specifically students,2,JEDI
strongly recommend,2,NA
student abilities,2,JEDI
student backgrounds,2,JEDI
student individually,2,JEDI
student interest,2,JEDI
student interests,2,JEDI
student isolation,2,JEDI
student participates,2,JEDI
students access,2,JEDI
students analyze,2,JEDI
students aware,2,JEDI
students collect,2,NA
students come,2,NA
students compare,2,NA
students connected,2,JEDI
students curiosity,2,NA
students design,2,NA
students develop,2,NA
students earn,2,NA
students enrolled,2,NA
students examine,2,NA
students explain,2,NA
students form,2,NA
students formed,2,NA
students know,2,NA
students majoring,2,NA
students need,2,NA
students one,2,NA
students outside,2,NA
students participated,2,NA
students particularly,2,NA
students perform,2,NA
students present,2,NA
students promotes,2,NA
students schedules,2,NA
students see,2,NA
students select,2,NA
students socioeconomic,2,NA
students take,2,NA
students think,2,NA
students thrive,2,NA
students ugtas,2,NA
students understand,2,NA
students used,2,NA
students using,2,NA
students vary,2,NA
students via,2,NA
successfully complete,2,NA
successfully completed,2,NA
successfully participate,2,NA
support inclusive,2,NA
symbolically significant,2,NA
teaching environment,2,NA
though students,2,NA
traditionally underrepresented,2,NA
transfer map,2,NA
unbiased call,2,NA
underrepresented backgrounds,2,NA
underrepresented student,2,NA
underserved students,2,NA
unique element,2,NA
upon students,2,NA
upper division,2,NA
use authentic,2,NA
used successfully,2,NA
various backgrounds,2,NA
verbal linguistic,2,NA
videos hands,2,NA
vision deficiency,2,NA
voices heard,2,NA
walking transects,2,NA
way students,2,NA
ways individual,2,NA
white students,2,NA
work individually,2,NA
works together,2,NA
writing assignments,2,NA
aaas encourages,1,NA
abilities experimental,1,NA
abilities match,1,NA
academic backgrounds,1,NA
academic stories,1,NA
academic strengths,1,NA
access barriers,1,NA
access discussion,1,NA
access faculty,1,NA
access information,1,NA
access sample,1,NA
access see,1,NA
access services,1,NA
access several,1,NA
access software,1,NA
access species,1,NA
accesses far,1,NA
accessibility finally,1,NA
accessible areas,1,NA
accessible classroom,1,NA
accessible due,1,NA
accessible however,1,NA
accessible indoor,1,NA
accommodating different,1,NA
accommodating students,1,NA
accommodating visual,1,NA
accommodations available,1,NA
accommodators perceived,1,NA
accomplished using,1,NA
accomplishments builds,1,NA
accountabilityand positive,1,NA
achievement levels,1,NA
acknowledge diverse,1,NA
acknowledges diversity,1,NA
across diverse,1,NA
across neighborhoods,1,NA
across personality,1,NA
across racial,1,NA
active inquiry,1,NA
active listening,1,NA
active strategies,1,NA
active student,1,NA
actively contribute,1,NA
actively encourages,1,NA
actively participating,1,NA
actively working,1,NA
activities address,1,NA
activities engage,1,NA
activities engages,1,NA
activities everyone,1,NA
activities promote,1,NA
activity assignment,1,NA
activity helps,1,NA
activity promotes,1,NA
activity transparency,1,NA
acutely interested,1,NA
ada accessibility,1,NA
ada lovelace,1,NA
adaptability allows,1,NA
adaptable active,1,NA
adapting games,1,NA
adding language,1,NA
addition diverse,1,NA
addition pedagogical,1,NA
addition recent,1,NA
addition self,1,NA
addition several,1,NA
addition use,1,NA
addition using,1,NA
additional benefits,1,NA
additional discussion,1,NA
additional diverse,1,NA
additional element,1,NA
additional information,1,NA
additional opportunities,1,NA
additional routes,1,NA
additional tutorials,1,NA
additional work,1,NA
additionally assigns,1,NA
additionally authentic,1,NA
additionally educational,1,NA
additionally encouraged,1,NA
additionally feedback,1,NA
additionally scientific,1,NA
additionally structured,1,NA
additionally visual,1,NA
address different,1,NA
address emerging,1,NA
address impacts,1,NA
address inclusive,1,NA
address inclusivity,1,NA
address misconceptions,1,NA
address parity,1,NA
address plant,1,NA
address puzzling,1,NA
address strategies,1,NA
address students,1,NA
addressed different,1,NA
addressed students,1,NA
addresses classroom,1,NA
addresses diversity,1,NA
addresses issues,1,NA
addresses one,1,NA
addresses racial,1,NA
adds value,1,NA
adjustment can,1,NA
advance personalized,1,NA
affect students,1,NA
affects members,1,NA
african americans,1,NA
african vertebrate,1,NA
age gender,1,NA
age race,1,NA
ages gender,1,NA
agricultural sciences,1,NA
aids students,1,NA
alaskan native,1,NA
allow alternatives,1,NA
allow equitable,1,NA
allow everyone,1,NA
allow individuals,1,NA
allow participation,1,NA
allowed opportunities,1,NA
allowing diverse,1,NA
allowing flexibility,1,NA
allowing individual,1,NA
allowing visually,1,NA
allows participants,1,NA
allows participation,1,NA
already economically,1,NA
also accommodating,1,NA
also address,1,NA
also foster,1,NA
also fostering,1,NA
also helps,1,NA
also identities,1,NA
also promotes,1,NA
also recommended,1,NA
also sharing,1,NA
also supported,1,NA
alt text,1,NA
alternate color,1,NA
alternate green,1,NA
alternate names,1,NA
alternative examples,1,NA
alternative exercises,1,NA
alternative formats,1,NA
alternative hands,1,NA
alternative may,1,NA
alternative means,1,NA
alternative perspectives,1,NA
alternative plans,1,NA
alternative viewpoints,1,NA
alternatively instructors,1,NA
although microbiome,1,NA
although students,1,NA
altruistic applications,1,NA
american alaskan,1,NA
american black,1,NA
american cultures,1,NA
american men,1,NA
american sign,1,NA
american society,1,NA
american south,1,NA
american southeast,1,NA
american west,1,NA
american woman,1,NA
american women,1,NA
among diverse,1,NA
among female,1,NA
amphibian development,1,NA
ample opportunities,1,NA
ample opportunity,1,NA
analysis although,1,NA
anatomy relevant,1,NA
animal communities,1,NA
annotation promotes,1,NA
anomalous interesting,1,NA
another encouraging,1,NA
another enriching,1,NA
another opportunity,1,NA
answer authentic,1,NA
answer helps,1,NA
answer individually,1,NA
answer students,1,NA
answers encouraging,1,NA
answers students,1,NA
anthropogenic threats,1,NA
anxiety around,1,NA
anxiety associated,1,NA
anxiety visually,1,NA
anyone feeling,1,NA
applications helps,1,NA
appreciated exercise,1,NA
appreciated given,1,NA
approach students,1,NA
appropriate interaction,1,NA
area students,1,NA
areas color,1,NA
arguments explain,1,NA
arise students,1,NA
around access,1,NA
around diversity,1,NA
arrangement can,1,NA
arrangements can,1,NA
arrangements instructors,1,NA
article addresses,1,NA
article afterward,1,NA
article along,1,NA
article chosen,1,NA
article prior,1,NA
article using,1,NA
articles clear,1,NA
articles overall,1,NA
articles quickly,1,NA
articles students,1,NA
articulated expectations,1,NA
artistic nature,1,NA
artistic skill,1,NA
artistic skills,1,NA
artistic students,1,NA
arts majors,1,NA
asian americans,1,NA
asian cultural,1,NA
ask although,1,NA
assembly students,1,NA
assessment allows,1,NA
assessment also,1,NA
assessment criteria,1,NA
assessment data,1,NA
assessment method,1,NA
assessment poster,1,NA
assessment related,1,NA
assessment results,1,NA
assessments allows,1,NA
assessments include,1,NA
assessments including,1,NA
assessments see,1,NA
assessments students,1,NA
assessments supporting,1,NA
assessments throughout,1,NA
assign members,1,NA
assign students,1,NA
assigned partner,1,NA
assignment asking,1,NA
assignment can,1,NA
assignment contained,1,NA
assignment description,1,NA
assignment encouraged,1,NA
assignment encourages,1,NA
assignment gives,1,NA
assignment instructions,1,NA
assignment prompt,1,NA
assignment related,1,NA
assignment students,1,NA
assignment supporting,1,NA
assignment welcoming,1,NA
assignment yet,1,NA
assignments building,1,NA
assignments can,1,NA
assignments directly,1,NA
assignments however,1,NA
assignments may,1,NA
assignments outside,1,NA
assignments provides,1,NA
assignments sessions,1,NA
assignments students,1,NA
assignments supporting,1,NA
assigns students,1,NA
assistive device,1,NA
assists students,1,NA
assume perspectives,1,NA
assurance assignment,1,NA
attitude towards,1,NA
attitudes towards,1,NA
audiovisual media,1,NA
auditory delivery,1,NA
auditory learners,1,NA
auditory sensory,1,NA
authentic assessment,1,NA
authentic assessments,1,NA
authentic microbiology,1,NA
authentic practices,1,NA
authentic questions,1,NA
authentic scientific,1,NA
author backgrounds,1,NA
authoritative websites,1,NA
authors students,1,NA
available students,1,NA
avoid bias,1,NA
avoiding disadvantaging,1,NA
avoids exclusion,1,NA
awareness can,1,NA
awareness disparity,1,NA
awareness empathy,1,NA
background therefore,1,NA
backgrounds demonstrating,1,NA
backgrounds engage,1,NA
backgrounds engaged,1,NA
backgrounds ethnicities,1,NA
backgrounds find,1,NA
backgrounds furthermore,1,NA
backgrounds learning,1,NA
backgrounds may,1,NA
backgrounds needs,1,NA
backgrounds often,1,NA
backgrounds perspectives,1,NA
balanced teams,1,NA
barriers giving,1,NA
barriers students,1,NA
based access,1,NA
based cooperative,1,NA
based phenomena,1,NA
basic health,1,NA
bean color,1,NA
become engaged,1,NA
become part,1,NA
becoming comfortable,1,NA
beliefs related,1,NA
beliefs toward,1,NA
benefit students,1,NA
benefits students,1,NA
best complemented,1,NA
best experimental,1,NA
better engage,1,NA
better inclusion,1,NA
bias accessibility,1,NA
bias can,1,NA
bilingual american,1,NA
bilingual deaf,1,NA
binary variable,1,NA
biodiversify website,1,NA
biodiversity database,1,NA
biodiversity lab,1,NA
biodiversity losses,1,NA
biointeractive students,1,NA
biological cultural,1,NA
biological females,1,NA
biological males,1,NA
biological phenomena,1,NA
biological safety,1,NA
biological specimens,1,NA
black african,1,NA
black kidney,1,NA
black native,1,NA
black patients,1,NA
blind students,1,NA
book living,1,NA
brainstorm promotes,1,NA
brief reflective,1,NA
brightly colored,1,NA
bring disengaged,1,NA
brings together,1,NA
broaden engagement,1,NA
broadening participation,1,NA
broadens participation,1,NA
broader interests,1,NA
broader perspective,1,NA
broadly meaningful,1,NA
brought together,1,NA
browser students,1,NA
build communities,1,NA
build community,1,NA
build confidence,1,NA
building students,1,NA
builds confidence,1,NA
burrows collaboration,1,NA
cajete mentions,1,NA
call students,1,NA
can actively,1,NA
can empower,1,NA
can envision,1,NA
can foster,1,NA
can fully,1,NA
can invite,1,NA
can promote,1,NA
can stigmatize,1,NA
can visualize,1,NA
cancer african,1,NA
cancer treatment,1,NA
cancer white,1,NA
capabilities expressed,1,NA
caption feature,1,NA
captionists depending,1,NA
captions students,1,NA
career interest,1,NA
carefully analyzed,1,NA
carefully selected,1,NA
caring way,1,NA
case together,1,NA
cases students,1,NA
caucasian americans,1,NA
caucasian cystic,1,NA
caucasian men,1,NA
caucasian women,1,NA
cell division,1,NA
cellular diversity,1,NA
centered active,1,NA
central american,1,NA
certain disabilities,1,NA
certain students,1,NA
certain visual,1,NA
chair accessible,1,NA
chair arrangements,1,NA
challenge students,1,NA
challenging particularly,1,NA
challenging phenomena,1,NA
changing screen,1,NA
chemical equipment,1,NA
chinese miner,1,NA
choice udl,1,NA
choose gratitude,1,NA
citizen potawatomi,1,NA
class active,1,NA
class assessments,1,NA
class assignment,1,NA
class assignments,1,NA
class collaboration,1,NA
class helps,1,NA
class individual,1,NA
class participate,1,NA
class participates,1,NA
class poverty,1,NA
class value,1,NA
classes incorporated,1,NA
classist ideologies,1,NA
classmates diversity,1,NA
classroom active,1,NA
classroom additionally,1,NA
classroom alternatively,1,NA
classroom collaboration,1,NA
classroom equity,1,NA
classroom friendly,1,NA
classroom participation,1,NA
classroom students,1,NA
clear assessment,1,NA
clearly visible,1,NA
close caption,1,NA
closed captioned,1,NA
closed captioning,1,NA
closed captions,1,NA
cluster students,1,NA
coast students,1,NA
coelacanth specimen,1,NA
cognition engagement,1,NA
cognitive cultural,1,NA
cognitive development,1,NA
cohesive team,1,NA
collaborate better,1,NA
collaborate share,1,NA
collaborated across,1,NA
collaboration can,1,NA
collaboration occurs,1,NA
collaboration peer,1,NA
collaboration skills,1,NA
collaboration throughout,1,NA
collaboration using,1,NA
collaborative annotation,1,NA
collaborative discussion,1,NA
collaborative easing,1,NA
collaborative endeavor,1,NA
collaborative exercise,1,NA
collaborative lab,1,NA
collaborative portion,1,NA
collaborative setting,1,NA
collaborative teaching,1,NA
collaborative teamwork,1,NA
collaborative yet,1,NA
collaboratively choose,1,NA
collaboratively throughout,1,NA
collect meaningful,1,NA
collect measurements,1,NA
collegial learning,1,NA
colonialism played,1,NA
colonialist assumptions,1,NA
color coded,1,NA
color coding,1,NA
color combinations,1,NA
color intensities,1,NA
color low,1,NA
coloration distinct,1,NA
coloration less,1,NA
colored eggs,1,NA
colors encourages,1,NA
comfort creative,1,NA
comfortable classroom,1,NA
comfortable contributing,1,NA
comfortable creating,1,NA
comfortable enough,1,NA
comfortable environment,1,NA
comfortable gave,1,NA
comfortable learning,1,NA
comfortable managing,1,NA
comfortable sharing,1,NA
comfortable speaking,1,NA
comic encourages,1,NA
comic helps,1,NA
commitments outside,1,NA
common interests,1,NA
communication enthusiasm,1,NA
communities demonstrates,1,NA
communities due,1,NA
communities engaging,1,NA
communities may,1,NA
communities reduce,1,NA
communities useful,1,NA
community among,1,NA
community building,1,NA
community classroom,1,NA
community guidelines,1,NA
community make,1,NA
community members,1,NA
community mind,1,NA
community outside,1,NA
community structure,1,NA
community students,1,NA
community within,1,NA
compelling illustrations,1,NA
complementary dimensions,1,NA
complementary nucleotide,1,NA
complementary tasks,1,NA
complete assignments,1,NA
complete hands,1,NA
completed assignment,1,NA
completed collaboratively,1,NA
completed individually,1,NA
completely public,1,NA
completing individual,1,NA
complimentary student,1,NA
component promotes,1,NA
components students,1,NA
comprehensive assignment,1,NA
computers smart,1,NA
comradery around,1,NA
concept reinforcement,1,NA
concerns particularly,1,NA
concrete tactile,1,NA
confident members,1,NA
confident students,1,NA
conflict management,1,NA
connected device,1,NA
connections across,1,NA
connections may,1,NA
connects students,1,NA
consensus encouraging,1,NA
consider socially,1,NA
considered cooperative,1,NA
considered inclusive,1,NA
considering developmental,1,NA
constant reinforcement,1,NA
constraints transportation,1,NA
consumption experiment,1,NA
contains equal,1,NA
contemporary family,1,NA
content fosters,1,NA
contexts students,1,NA
contribute individual,1,NA
contributing perspectives,1,NA
contribution equally,1,NA
controversial food,1,NA
controversial topics,1,NA
conversation everyone,1,NA
conversation within,1,NA
conversations dd,1,NA
convincing additionally,1,NA
cooperation students,1,NA
cooperative approach,1,NA
cooperative investigation,1,NA
cooperative nature,1,NA
cooperative scientific,1,NA
correct misconceptions,1,NA
counter treatments,1,NA
course encouraging,1,NA
course participate,1,NA
courses backgrounds,1,NA
courses democratizes,1,NA
courses implementing,1,NA
cpk colors,1,NA
create accountability,1,NA
create diverse,1,NA
create inclusive,1,NA
create opportunities,1,NA
create pictorial,1,NA
created collaboratively,1,NA
creating community,1,NA
creating opportunities,1,NA
creative commons,1,NA
creative cycle,1,NA
creative entryway,1,NA
creative students,1,NA
creative use,1,NA
creatively engage,1,NA
creativity students,1,NA
critical strategy,1,NA
critically think,1,NA
cross cultural,1,NA
culinary traditions,1,NA
cultivate divergent,1,NA
cultivate equity,1,NA
cultivate inclusivity,1,NA
cultivates social,1,NA
cultivating classroom,1,NA
cultivating inclusivity,1,NA
cultural component,1,NA
cultural contexts,1,NA
cultural dimensions,1,NA
cultural diversity,1,NA
cultural experiences,1,NA
cultural funds,1,NA
cultural gender,1,NA
cultural identity,1,NA
cultural knowledge,1,NA
cultural markers,1,NA
cultural philosophy,1,NA
cultural preconceived,1,NA
cultural relevance,1,NA
cultural science,1,NA
culturally distinct,1,NA
culturally driven,1,NA
culturally relevant,1,NA
cultured bacteria,1,NA
cultured samples,1,NA
cultures science,1,NA
cultures sequences,1,NA
cures implemented,1,NA
curiosity student,1,NA
current biodiversity,1,NA
current diversity,1,NA
curricular commitment,1,NA
curricular needs,1,NA
cycle starts,1,NA
data encourage,1,NA
data individually,1,NA
data individuals,1,NA
data management,1,NA
dataset students,1,NA
decide together,1,NA
decision students,1,NA
decisions impacted,1,NA
decolonizing science,1,NA
decrease anxiety,1,NA
default friendly,1,NA
deficit perspective,1,NA
deficits equalizing,1,NA
defines culturally,1,NA
degree interests,1,NA
democratizes research,1,NA
demographic backgrounds,1,NA
demonstrate marginalized,1,NA
department although,1,NA
departments whether,1,NA
describing differences,1,NA
design diversity,1,NA
design element,1,NA
determine students,1,NA
developing inclusive,1,NA
developing outreach,1,NA
developing teamwork,1,NA
development especially,1,NA
development example,1,NA
development sessions,1,NA
development workshops,1,NA
developmental neurobiology,1,NA
developmental process,1,NA
developments within,1,NA
differences discussion,1,NA
differences race,1,NA
differences resulting,1,NA
different articles,1,NA
different attitudes,1,NA
different background,1,NA
different communities,1,NA
different contexts,1,NA
different living,1,NA
different members,1,NA
different parts,1,NA
different racial,1,NA
different starting,1,NA
different strengths,1,NA
different voices,1,NA
differing views,1,NA
difficult moments,1,NA
difficulty based,1,NA
difficulty levels,1,NA
difficulty since,1,NA
dimensional print,1,NA
dimensional visual,1,NA
direct connection,1,NA
direct hands,1,NA
directly addresses,1,NA
directly promote,1,NA
directly visible,1,NA
disabilities benefit,1,NA
disabilities including,1,NA
disabilities particularly,1,NA
disabilities provide,1,NA
disabilities related,1,NA
disability geography,1,NA
disadvantage black,1,NA
disadvantaging students,1,NA
disciplinary interests,1,NA
discipline students,1,NA
discourage grouping,1,NA
discourages competition,1,NA
discuss diversity,1,NA
discussing experimental,1,NA
discussing social,1,NA
discussion engaging,1,NA
discussion hands,1,NA
discussion opportunities,1,NA
discussion starts,1,NA
discussions engaging,1,NA
disengaged students,1,NA
disparity increases,1,NA
disparity lack,1,NA
display diverse,1,NA
distinct strengths,1,NA
distractions udl,1,NA
divergent biological,1,NA
diverse academic,1,NA
diverse assets,1,NA
diverse audience,1,NA
diverse cohort,1,NA
diverse communities,1,NA
diverse community,1,NA
diverse composition,1,NA
diverse contributing,1,NA
diverse demonstrators,1,NA
diverse experiences,1,NA
diverse expertise,1,NA
diverse face,1,NA
diverse forms,1,NA
diverse issues,1,NA
diverse lives,1,NA
diverse mixed,1,NA
diverse natural,1,NA
diverse opinions,1,NA
diverse participants,1,NA
diverse peer,1,NA
diverse physiological,1,NA
diverse points,1,NA
diverse race,1,NA
diverse racial,1,NA
diverse resources,1,NA
diverse skill,1,NA
diverse skills,1,NA
diverse spectrum,1,NA
diverse teaching,1,NA
diverse teams,1,NA
diverse views,1,NA
diversified groups,1,NA
diversify fields,1,NA
diversify group,1,NA
diversifying science,1,NA
diversity across,1,NA
diversity alternatively,1,NA
diversity dna,1,NA
diversity encourage,1,NA
diversity equity,1,NA
diversity increasing,1,NA
diversity inherent,1,NA
diversity may,1,NA
diversity particularly,1,NA
diversity provides,1,NA
diversity required,1,NA
diversity since,1,NA
diversity westernization,1,NA
divides labor,1,NA
division courses,1,NA
division electives,1,NA
division etc,1,NA
documentary based,1,NA
documentary created,1,NA
documenting group,1,NA
documents offer,1,NA
dominating conversation,1,NA
draw representations,1,NA
drawing accommodating,1,NA
drawing students,1,NA
drawings students,1,NA
drew portraits,1,NA
drift engaging,1,NA
drive motivation,1,NA
dynamics inclusive,1,NA
early perspectives,1,NA
earth system,1,NA
eases anxieties,1,NA
easily accessible,1,NA
easy access,1,NA
ecologically valuable,1,NA
economic barriers,1,NA
economic development,1,NA
economic disadvantages,1,NA
economically geographically,1,NA
economics majors,1,NA
educate underrepresented,1,NA
educational articles,1,NA
educational backgrounds,1,NA
educational equity,1,NA
educational needs,1,NA
educators students,1,NA
effective team,1,NA
effectively implemented,1,NA
efficacy identity,1,NA
either visual,1,NA
electronic instrument,1,NA
element allows,1,NA
element drawing,1,NA
elements focusing,1,NA
elements support,1,NA
eliminate achievement,1,NA
email address,1,NA
emerging developments,1,NA
emphasize altruistic,1,NA
emphasized flexibility,1,NA
emphasizes critical,1,NA
emphasizes diversity,1,NA
empower inclusive,1,NA
enables participation,1,NA
enabling participation,1,NA
encourage continued,1,NA
encourage cooperative,1,NA
encourage creative,1,NA
encourage discussion,1,NA
encourage engagement,1,NA
encourage equitable,1,NA
encourage group,1,NA
encourage groups,1,NA
encourage inclusion,1,NA
encourage inclusive,1,NA
encourage inclusivity,1,NA
encourage rubric,1,NA
encourage teamwork,1,NA
encouraged collaboration,1,NA
encouraged inclusive,1,NA
encourages active,1,NA
encourages courses,1,NA
encourages discussion,1,NA
encourages group,1,NA
encourages inclusive,1,NA
encourages inclusiveness,1,NA
encourages learning,1,NA
encourages multiple,1,NA
encourages peer,1,NA
encourages use,1,NA
encouraging collaboration,1,NA
encouraging creative,1,NA
encouraging feedback,1,NA
encouraging participation,1,NA
encouraging respect,1,NA
encouraging student,1,NA
encouraging words,1,NA
endeavor translates,1,NA
engage diverse,1,NA
engage independently,1,NA
engage undergraduate,1,NA
engaged students,1,NA
engagement including,1,NA
engagement leading,1,NA
engagement motivation,1,NA
engagement student,1,NA
engages every,1,NA
engages everyone,1,NA
engages multiple,1,NA
engaging community,1,NA
engaging final,1,NA
engaging stem,1,NA
engaging student,1,NA
engaging undergraduates,1,NA
england individual,1,NA
english deaf,1,NA
english speakers,1,NA
enhance engagement,1,NA
enhance equity,1,NA
enjoy kinesthetic,1,NA
enlightening refreshing,1,NA
enriching opportunity,1,NA
enrolled students,1,NA
enrollment courses,1,NA
enrollment numbers,1,NA
ensure everyone,1,NA
ensure impartial,1,NA
ensure inclusion,1,NA
ensure inclusiveness,1,NA
ensure inclusivity,1,NA
ensure individual,1,NA
ensure students,1,NA
ensured diversity,1,NA
ensured inclusion,1,NA
ensures equity,1,NA
ensuring equitable,1,NA
ensuring students,1,NA
enthusiasm pride,1,NA
enthusiastically pursue,1,NA
environment effective,1,NA
environment instructors,1,NA
environment open,1,NA
environment reiterates,1,NA
environment related,1,NA
environment suitable,1,NA
environmental burdens,1,NA
environmental conservation,1,NA
environmental factors,1,NA
environmental problems,1,NA
environmental social,1,NA
environmental sustainability,1,NA
environmental topic,1,NA
environmental topics,1,NA
equal footing,1,NA
equal importance,1,NA
equal level,1,NA
equal numbers,1,NA
equalize classroom,1,NA
equalizing student,1,NA
equally complex,1,NA
equally distributed,1,NA
equally diverse,1,NA
equally important,1,NA
equally valuable,1,NA
equipment clothing,1,NA
equitable collaboration,1,NA
equitable contributions,1,NA
equitable group,1,NA
equitable opportunity,1,NA
equitable option,1,NA
equity public,1,NA
equity studies,1,NA
equity within,1,NA
essays students,1,NA
ethic given,1,NA
ethical discussion,1,NA
ethical implications,1,NA
ethical value,1,NA
ethnic economic,1,NA
ethnic groups,1,NA
ethnic variations,1,NA
ethnicity according,1,NA
ethnicity completed,1,NA
ethnicity religion,1,NA
evaluation individuals,1,NA
even creativity,1,NA
evenly divides,1,NA
event students,1,NA
every participant,1,NA
everyone becomes,1,NA
everyone differently,1,NA
everyone even,1,NA
everyone shares,1,NA
everyone supporting,1,NA
evolutionary relationships,1,NA
example participating,1,NA
example visual,1,NA
excellent opportunity,1,NA
excellent rapport,1,NA
exchange students,1,NA
exchanging views,1,NA
excises additionally,1,NA
exclusion see,1,NA
exercise differences,1,NA
exercise encourages,1,NA
exercises encourages,1,NA
exercises students,1,NA
existing diversity,1,NA
existing relationships,1,NA
expensive bioinformatics,1,NA
expensive computer,1,NA
expensive specialized,1,NA
experience accessible,1,NA
experience expensive,1,NA
experience individuals,1,NA
experience specimens,1,NA
experiences participation,1,NA
experiences promotes,1,NA
experiential diversity,1,NA
experiment can,1,NA
experiment encouraging,1,NA
experiment portion,1,NA
experiment predicted,1,NA
experiment students,1,NA
experiment together,1,NA
experimental approaches,1,NA
experimental designs,1,NA
experimental outlines,1,NA
experimental procedures,1,NA
experimental protocol,1,NA
experimental question,1,NA
experimental questions,1,NA
experimental setup,1,NA
experimentation end,1,NA
experiments due,1,NA
experiments giving,1,NA
experiments prompting,1,NA
expertise team,1,NA
explicit articulated,1,NA
explicit connections,1,NA
explicitly address,1,NA
explicitly addresses,1,NA
explicitly welcomed,1,NA
exploits multiple,1,NA
explore socio,1,NA
exploring differences,1,NA
express agency,1,NA
express diverse,1,NA
extend students,1,NA
extracurricular pressures,1,NA
extreme anxiety,1,NA
��extremely inclusive,1,NA
extroversion spectrum,1,NA
facilitate connections,1,NA
facilitate interaction,1,NA
facilitate meaningful,1,NA
facilitated introductions,1,NA
facilitates inclusive,1,NA
facilitates participation,1,NA
facilitating transfer,1,NA
facilitator recorder,1,NA
facilitator role,1,NA
factors students,1,NA
faculty access,1,NA
faculty development,1,NA
fafsa applicants,1,NA
failure patients,1,NA
failure rate,1,NA
failure supports,1,NA
fair access,1,NA
fair biology,1,NA
fair classroom,1,NA
familiarizing students,1,NA
family commitments,1,NA
family member,1,NA
family members,1,NA
family needs,1,NA
family obligations,1,NA
family therefore,1,NA
fatherless snake,1,NA
fatigue can,1,NA
favorable attitudes,1,NA
feel imposter,1,NA
feel welcomed,1,NA
feeling isolated,1,NA
feeling like,1,NA
feeling prepared,1,NA
feels valued,1,NA
felt comfortable,1,NA
female meaning,1,NA
females tend,1,NA
ferpa regulations,1,NA
fibrosis patients,1,NA
field equipment,1,NA
field students,1,NA
fields implementation,1,NA
fieldwork alternative,1,NA
file transfers,1,NA
filipino hmong,1,NA
final assessment,1,NA
financial limitations,1,NA
financial resources,1,NA
find identity,1,NA
find interesting,1,NA
findings screening,1,NA
fine arts,1,NA
first although,1,NA
first collaborative,1,NA
first sharing,1,NA
first students,1,NA
fittest alternatively,1,NA
fitting assignment,1,NA
flowchart means,1,NA
following differences,1,NA
food supplement,1,NA
force students,1,NA
form diverse,1,NA
form teams,1,NA
formally documenting,1,NA
format encourages,1,NA
formative students,1,NA
former students,1,NA
foster collaboration,1,NA
foster collaborative,1,NA
foster discussion,1,NA
foster learning,1,NA
foster peer,1,NA
foster student,1,NA
fostered inclusivity,1,NA
fostering high,1,NA
fostering inclusive,1,NA
fosters appreciation,1,NA
fosters inclusive,1,NA
found exciting,1,NA
four assignment,1,NA
four individuals,1,NA
four members,1,NA
four parts,1,NA
free access,1,NA
freely additionally,1,NA
frequencies historically,1,NA
frequently mention,1,NA
friendly attention,1,NA
friendly internet,1,NA
friends families,1,NA
full participation,1,NA
fully appreciate,1,NA
fully engaged,1,NA
fully identify,1,NA
fully using,1,NA
fun together,1,NA
fundamental concepts,1,NA
fundamentally explore,1,NA
furthermore participating,1,NA
future experiments,1,NA
future value,1,NA
gain access,1,NA
gain awareness,1,NA
gain confidence,1,NA
gain visibility,1,NA
gained additionally,1,NA
gained agency,1,NA
gaining confidence,1,NA
games females,1,NA
games particularly,1,NA
gap additionally,1,NA
gateway introductory,1,NA
gay defines,1,NA
gender area,1,NA
gender bias,1,NA
gender disability,1,NA
gender etc,1,NA
gender ethnicity,1,NA
gender gap,1,NA
gender graduation,1,NA
gender imbalances,1,NA
gender interest,1,NA
gender non,1,NA
gendered pronouns,1,NA
general active,1,NA
general inclusive,1,NA
general introversion,1,NA
general public,1,NA
generalization udl,1,NA
generally promoted,1,NA
generation status,1,NA
genetic differences,1,NA
genetic predisposition,1,NA
geneva gay,1,NA
genotypic sex,1,NA
get started,1,NA
given assignments,1,NA
giving assessments,1,NA
global communities,1,NA
government statements,1,NA
grant access,1,NA
granted access,1,NA
granting equal,1,NA
greater community,1,NA
green colorblindness,1,NA
group arrangements,1,NA
group assignments,1,NA
group collaboration,1,NA
group conversations,1,NA
group efficacy,1,NA
group hands,1,NA
group hispanic,1,NA
group leader,1,NA
group participants,1,NA
group partners,1,NA
group together,1,NA
groups accomplishments,1,NA
groups additionally,1,NA
groups individuals,1,NA
groups participated,1,NA
groups promotes,1,NA
groups start,1,NA
groups underrepresented,1,NA
guides focused,1,NA
guides provides,1,NA
guides students,1,NA
hand students,1,NA
handle cultured,1,NA
handling cultured,1,NA
harmful stereotypes,1,NA
health infrastructure,1,NA
health initiatives,1,NA
health institutions,1,NA
health laboratories,1,NA
health literacy,1,NA
health outcomes,1,NA
health professional,1,NA
health statistics,1,NA
health students,1,NA
health studies,1,NA
health time,1,NA
healthcare can,1,NA
healthcare contexts,1,NA
healthcare disparities,1,NA
healthcare facilities,1,NA
healthier lifestyles,1,NA
healthy additionally,1,NA
healthy foods,1,NA
healthy individuals,1,NA
healthy living,1,NA
hear perspectives,1,NA
hearing impaired,1,NA
hearing students,1,NA
heart cell,1,NA
heart defects,1,NA
help address,1,NA
help diversify,1,NA
help women,1,NA
helps build,1,NA
helps facilitate,1,NA
helps increase,1,NA
helps make,1,NA
helps shy,1,NA
helps speak,1,NA
helps teachers,1,NA
heteronormative behaviors,1,NA
hidden identities,1,NA
high impact,1,NA
higher healthcare,1,NA
highly diverse,1,NA
highly recommend,1,NA
hire migrants,1,NA
hispanic latino,1,NA
hispanic latinx,1,NA
historic barriers,1,NA
historical connections,1,NA
historical context,1,NA
historical events,1,NA
historical information,1,NA
historical materials,1,NA
historical site,1,NA
hiv particles,1,NA
hmong vietnamese,1,NA
hold particular,1,NA
hold perspectives,1,NA
hope students,1,NA
however students,1,NA
human action,1,NA
human activity,1,NA
human dimensions,1,NA
human disease,1,NA
human earwax,1,NA
human experiences,1,NA
human genomes,1,NA
human interest,1,NA
human life,1,NA
human sex,1,NA
human studies,1,NA
humanity prior,1,NA
humanize researchers,1,NA
humans around,1,NA
humans can,1,NA
hydroelectric development,1,NA
ideal experimental,1,NA
ideas additionally,1,NA
ideas individual,1,NA
ideas students,1,NA
identified alternatively,1,NA
identified personality,1,NA
identify diversity,1,NA
identify misconceptions,1,NA
identities diversity,1,NA
identity plays,1,NA
identity safe,1,NA
illustrates cultural,1,NA
illustrations make,1,NA
image alt,1,NA
impact active,1,NA
impact students,1,NA
impactful method,1,NA
impaired cognitive,1,NA
impaired student,1,NA
impairment can,1,NA
impairment might,1,NA
impairments experience,1,NA
impairments many,1,NA
impartial grading,1,NA
implemented early,1,NA
implementing cures,1,NA
implementing individual,1,NA
implementing teaching,1,NA
important additionally,1,NA
important historical,1,NA
imposter syndrome,1,NA
improve access,1,NA
improve accessibility,1,NA
improvement rather,1,NA
improvement students,1,NA
improvements since,1,NA
improves students,1,NA
inaccessible due,1,NA
inappropriate behavior,1,NA
include diverse,1,NA
include diversity,1,NA
include individuals,1,NA
include participation,1,NA
include views,1,NA
included patients,1,NA
includes interactions,1,NA
including deaf,1,NA
including individual,1,NA
including participating,1,NA
including personal,1,NA
including specimen,1,NA
including students,1,NA
including visually,1,NA
inclusion additionally,1,NA
inclusion another,1,NA
inclusion equity,1,NA
inclusion helps,1,NA
inclusion standards,1,NA
inclusion within,1,NA
inclusive atmosphere,1,NA
inclusive dialogues,1,NA
inclusive equitable,1,NA
inclusive experience,1,NA
inclusive format,1,NA
inclusive group,1,NA
inclusive instruction,1,NA
inclusive language,1,NA
inclusive moments,1,NA
inclusive pedagogy,1,NA
inclusive practice,1,NA
inclusive research,1,NA
inclusive since,1,NA
inclusive student,1,NA
inclusive thinking,1,NA
inclusive ways,1,NA
inclusiveness tell,1,NA
inclusivity additionally,1,NA
inclusivity throughout,1,NA
inclusivity using,1,NA
income anxiety,1,NA
income fafsa,1,NA
income level,1,NA
income students,1,NA
incorporate auditory,1,NA
incorporated collaborative,1,NA
incorporated effective,1,NA
incorporated elements,1,NA
incorporated multiple,1,NA
incorporated throughout,1,NA
incorporates diversity,1,NA
incorporates race,1,NA
incorporates universal,1,NA
incorporating individual,1,NA
incorporating visual,1,NA
increase access,1,NA
increase anxiety,1,NA
increase diversity,1,NA
increase interest,1,NA
increase minority,1,NA
increase participants,1,NA
increase students,1,NA
increased transparency,1,NA
increases access,1,NA
increases students,1,NA
increasing diversity,1,NA
increasing impact,1,NA
increasing inclusivity,1,NA
increasing interest,1,NA
increasing students,1,NA
increasing transparency,1,NA
independent experiment,1,NA
independent hands,1,NA
independent students,1,NA
independently students,1,NA
indigenous concept,1,NA
indigenous lectures,1,NA
indigenous populations,1,NA
indigenous ways,1,NA
individual accountabilityand,1,NA
individual activity,1,NA
individual assessments,1,NA
individual assignments,1,NA
individual backgrounds,1,NA
individual basis,1,NA
individual can,1,NA
individual choice,1,NA
individual clicker,1,NA
individual contributions,1,NA
individual efforts,1,NA
individual elements,1,NA
individual experiments,1,NA
individual exploration,1,NA
individual interest,1,NA
individual interests,1,NA
individual investigators,1,NA
individual module,1,NA
individual needs,1,NA
individual noninteractive,1,NA
individual ownerships,1,NA
individual participates,1,NA
individual portion,1,NA
individual pre,1,NA
individual research,1,NA
individual responsibilities,1,NA
individual self,1,NA
individual strengths,1,NA
individual submissions,1,NA
individual summative,1,NA
individual table,1,NA
individual values,1,NA
individual written,1,NA
individualactors may,1,NA
individualized feedback,1,NA
individually although,1,NA
individually completing,1,NA
individually discuss,1,NA
individually due,1,NA
individually first,1,NA
individually group,1,NA
individually providing,1,NA
individually reflect,1,NA
individually select,1,NA
individually selected,1,NA
individually writes,1,NA
individuals can,1,NA
individuals including,1,NA
individuals students,1,NA
inequities among,1,NA
inform students,1,NA
information experimentation,1,NA
information interestingly,1,NA
information needed,1,NA
information students,1,NA
infrastructure connected,1,NA
inherent cultural,1,NA
inherently accommodated,1,NA
inspiring although,1,NA
instance students,1,NA
instead encouraged,1,NA
instead guides,1,NA
institutional barriers,1,NA
institutionally diverse,1,NA
institutions students,1,NA
instruction elements,1,NA
instruction incorporated,1,NA
instruction students,1,NA
instructional team,1,NA
instructor access,1,NA
instructor development,1,NA
instructor empathy,1,NA
instructor implements,1,NA
instructor interacts,1,NA
instructor needs,1,NA
instructors implementing,1,NA
instructors need,1,NA
instructors pay,1,NA
instructors together,1,NA
insurance might,1,NA
integral part,1,NA
integrate culturally,1,NA
integrated culturally,1,NA
intellectual engagement,1,NA
intellectual investment,1,NA
intensely active,1,NA
intentional addition,1,NA
intentional group,1,NA
intentional making,1,NA
intentionally assigned,1,NA
intentionally designed,1,NA
interact individually,1,NA
interact inside,1,NA
interaction students,1,NA
interactions among,1,NA
interactions can,1,NA
interactions group,1,NA
interactive demonstrations,1,NA
interactive group,1,NA
interactive learning,1,NA
interactive lecture,1,NA
interactive low,1,NA
interactive sessions,1,NA
interactive tasking,1,NA
interdependence individual,1,NA
interest drive,1,NA
interest experience,1,NA
interest however,1,NA
interest side,1,NA
interested students,1,NA
interesting biological,1,NA
interesting observations,1,NA
interesting start,1,NA
interestingly image,1,NA
interests career,1,NA
interests guide,1,NA
interests hobbies,1,NA
interests instructors,1,NA
interests students,1,NA
interests values,1,NA
international backgrounds,1,NA
international students,1,NA
internet access,1,NA
internet although,1,NA
internet connected,1,NA
interpersonal interactions,1,NA
interpreting authentic,1,NA
interpreting visual,1,NA
interviews students,1,NA
intra individual,1,NA
intrapersonal abilities,1,NA
intrinsic cultural,1,NA
intrinsic value,1,NA
introduce relevant,1,NA
introduce students,1,NA
introversion can,1,NA
introversion extroversion,1,NA
introverted students,1,NA
introverts time,1,NA
investigating heart,1,NA
invisible entities,1,NA
invite strong,1,NA
invite students,1,NA
invites different,1,NA
invites groups,1,NA
inviting environment,1,NA
inviting students,1,NA
invoke colonialist,1,NA
involve human,1,NA
involve measurement,1,NA
involvement collected,1,NA
involves active,1,NA
involves inclusive,1,NA
involves individual,1,NA
isolated dna,1,NA
issue compelling,1,NA
issues relevant,1,NA
issues students,1,NA
iterative improvement,1,NA
jigsaw participants,1,NA
jigsaw together,1,NA
journal pay,1,NA
judgement free,1,NA
justice around,1,NA
justice issues,1,NA
justice topics,1,NA
key articles,1,NA
keys although,1,NA
kidney failure,1,NA
kindergartners irrespective,1,NA
kinesthetically interact,1,NA
knowing students,1,NA
knowledge strengths,1,NA
lab access,1,NA
lab engage,1,NA
lab experiments,1,NA
lab partner,1,NA
laboratory engaging,1,NA
laboratory equipment,1,NA
laboratory particularly,1,NA
laboratory partners,1,NA
lack health,1,NA
lack healthy,1,NA
language asl,1,NA
language deficits,1,NA
language interpreters,1,NA
language status,1,NA
large assessment,1,NA
large diversity,1,NA
large public,1,NA
large students,1,NA
larger margin,1,NA
larvae students,1,NA
lateral transfer,1,NA
latino communities,1,NA
latinx african,1,NA
lead students,1,NA
leader communicator,1,NA
leader students,1,NA
leaders can,1,NA
leaders instructors,1,NA
leadership role,1,NA
learners additionally,1,NA
learning abilities,1,NA
learning additionally,1,NA
learning dimensions,1,NA
learning disabilities,1,NA
learning diversity,1,NA
learning intentional,1,NA
learning interactive,1,NA
learning irrespective,1,NA
learning opportunities,1,NA
learning personality,1,NA
learning perspectives,1,NA
learning strengths,1,NA
learning students,1,NA
learning teams,1,NA
learning visual,1,NA
lecture environment,1,NA
less accessible,1,NA
less connected,1,NA
lesson access,1,NA
lesson accommodates,1,NA
lesson additionally,1,NA
lesson addresses,1,NA
lesson broadens,1,NA
lesson encourages,1,NA
lesson exploits,1,NA
lesson inclusive,1,NA
lesson invites,1,NA
lesson reviews,1,NA
lesson successfully,1,NA
lessons promote,1,NA
let students,1,NA
level living,1,NA
leverages diversity,1,NA
lgbtq black,1,NA
lgbtq individuals,1,NA
lgbtqia students,1,NA
like part,1,NA
limitations formative,1,NA
limited access,1,NA
linguistic interpersonal,1,NA
linking cultural,1,NA
listen look,1,NA
listening analyzing,1,NA
literature reviews,1,NA
lives outside,1,NA
living arrangement,1,NA
living downstream,1,NA
living environment,1,NA
living situations,1,NA
local diversity,1,NA
local environment,1,NA
location sharing,1,NA
locus students,1,NA
longitudinal transfer,1,NA
low pressure,1,NA
lower retention,1,NA
lower socioeconomic,1,NA
lowers access,1,NA
made visible,1,NA
maintaining individual,1,NA
major assessment,1,NA
major gender,1,NA
major sensory,1,NA
makes transparent,1,NA
making accommodations,1,NA
making connections,1,NA
making needed,1,NA
male birds,1,NA
male characteristics,1,NA
male scientists,1,NA
males volunteer,1,NA
management olm,1,NA
management scenario,1,NA
management software,1,NA
manipulative model,1,NA
manipulative provide,1,NA
manually propelling,1,NA
many additional,1,NA
many elements,1,NA
marcos students,1,NA
marginalized backgrounds,1,NA
marginalized groups,1,NA
marginalized populations,1,NA
marginalized student,1,NA
material tactile,1,NA
maternity leave,1,NA
maximize transfer,1,NA
maximum diversity,1,NA
may additionally,1,NA
may believe,1,NA
may disadvantage,1,NA
may encourage,1,NA
may value,1,NA
meaningful class,1,NA
meaningful connections,1,NA
meaningful ecological,1,NA
meaningful interactions,1,NA
meaningful research,1,NA
meaningful ways,1,NA
meaningful work,1,NA
meaningfully contribute,1,NA
meaningfully write,1,NA
measure specimens,1,NA
medical health,1,NA
medical students,1,NA
meet individual,1,NA
meet universal,1,NA
meets students,1,NA
member clinician,1,NA
member contributed,1,NA
member evaluation,1,NA
member group,1,NA
member makes,1,NA
member must,1,NA
members based,1,NA
members discuss,1,NA
members feel,1,NA
members giving,1,NA
members helps,1,NA
members provides,1,NA
members research,1,NA
members students,1,NA
mentioned earlier,1,NA
mentored research,1,NA
mentoring additionally,1,NA
mentors rather,1,NA
microorganisms impact,1,NA
midwestern research,1,NA
might encourage,1,NA
might impact,1,NA
might unconsciously,1,NA
might wonder,1,NA
million students,1,NA
mindset towards,1,NA
mindset ugtas,1,NA
minimal judgement,1,NA
minimize barriers,1,NA
minimizing threats,1,NA
minorities overcome,1,NA
minoritized students,1,NA
minority engagement,1,NA
minority group,1,NA
minority groups,1,NA
minority populations,1,NA
misconceptions related,1,NA
misconceptions stemming,1,NA
misconceptions students,1,NA
missions three,1,NA
miwok peoples,1,NA
mixed active,1,NA
mixed assessment,1,NA
mixed gender,1,NA
mixing parts,1,NA
mn students,1,NA
mobile part,1,NA
mobility disabilities,1,NA
mobility limitations,1,NA
model collaboration,1,NA
model respectful,1,NA
modeling environment,1,NA
modeling respectful,1,NA
models collaborative,1,NA
models visually,1,NA
module embraces,1,NA
module encouraging,1,NA
module promote,1,NA
module students,1,NA
module supplemental,1,NA
modules fundamentally,1,NA
modules students,1,NA
molecular representations,1,NA
molecular visualization,1,NA
monitor implementation,1,NA
monograph active,1,NA
moral theory,1,NA
motivate involvement,1,NA
motivate students,1,NA
motivating words,1,NA
moved students,1,NA
movements used,1,NA
msis compared,1,NA
multicultural diversity,1,NA
multifaceted inclusive,1,NA
multipart highly,1,NA
multiple active,1,NA
multiple parts,1,NA
multiple perspectives,1,NA
multiple visual,1,NA
muscle fatigue,1,NA
mutual need,1,NA
mycological society,1,NA
name starts,1,NA
namely sex,1,NA
names additionally,1,NA
narrow achievement,1,NA
national background,1,NA
nationality many,1,NA
native english,1,NA
native hawaiian,1,NA
native language,1,NA
native native,1,NA
natural abilities,1,NA
natural diversity,1,NA
natural interest,1,NA
natural part,1,NA
nature documentary,1,NA
navigates students,1,NA
need access,1,NA
need arise,1,NA
need differing,1,NA
need improvement,1,NA
need one,1,NA
needed dilutions,1,NA
needed similarly,1,NA
needed thus,1,NA
needs learning,1,NA
needs students,1,NA
neighborhoods students,1,NA
news article,1,NA
news stories,1,NA
next complementary,1,NA
non binary,1,NA
non black,1,NA
non conforming,1,NA
non gendered,1,NA
non native,1,NA
non western,1,NA
noninteractive work,1,NA
nonthreatening environment,1,NA
notes additionally,1,NA
notes everyone,1,NA
novel connections,1,NA
numbers underscore,1,NA
numerical measurements,1,NA
obligations clinical,1,NA
observations students,1,NA
observe differences,1,NA
observe public,1,NA
occupational diversity,1,NA
offers additional,1,NA
offers opportunity,1,NA
official government,1,NA
often inaccessible,1,NA
often students,1,NA
often underrepresented,1,NA
one article,1,NA
one need,1,NA
one particularly,1,NA
one pathway,1,NA
online collaborative,1,NA
online creative,1,NA
online gratitude,1,NA
online students,1,NA
opportunities allow,1,NA
opportunities embedded,1,NA
opportunities exist,1,NA
opportunities regarding,1,NA
opportunity actually,1,NA
opportunity arises,1,NA
opportunity gap,1,NA
opportunity select,1,NA
opportunity students,1,NA
optimally foster,1,NA
option students,1,NA
optional additional,1,NA
oral visual,1,NA
organization division,1,NA
organized carpools,1,NA
otherwise struggling,1,NA
outcome achievement,1,NA
outreach activities,1,NA
outreach event,1,NA
outreach learning,1,NA
outreach materials,1,NA
outreach program,1,NA
outset additionally,1,NA
ownership encourage,1,NA
paced students,1,NA
pair encouraging,1,NA
pairing students,1,NA
paper everyone,1,NA
part one,1,NA
participant criteria,1,NA
participants actively,1,NA
participants comfort,1,NA
participants discuss,1,NA
participants encouraging,1,NA
participants first,1,NA
participants fostering,1,NA
participants inclusive,1,NA
participants respectfully,1,NA
participants several,1,NA
participants tracking,1,NA
participants work,1,NA
participate depending,1,NA
participate due,1,NA
participate equally,1,NA
participate fully,1,NA
participate physically,1,NA
participate structured,1,NA
participate students,1,NA
participate without,1,NA
participated well,1,NA
participates cognitively,1,NA
participates equally,1,NA
participating either,1,NA
participation opportunities,1,NA
participation rather,1,NA
participation think,1,NA
particular answers,1,NA
particular benefit,1,NA
particular emphasis,1,NA
particular groups,1,NA
particular health,1,NA
particular including,1,NA
particular module,1,NA
particular promise,1,NA
particular promotes,1,NA
particular role,1,NA
particular sample,1,NA
particular snp,1,NA
particular student,1,NA
particular topic,1,NA
particular underserved,1,NA
particularly advanced,1,NA
particularly appeal,1,NA
particularly careful,1,NA
particularly critical,1,NA
particularly effective,1,NA
particularly engaging,1,NA
particularly important,1,NA
particularly improve,1,NA
particularly interested,1,NA
particularly international,1,NA
particularly recommend,1,NA
particularly strong,1,NA
partner giving,1,NA
partner group,1,NA
partner pair,1,NA
partner s,1,NA
partner since,1,NA
parts allowing,1,NA
parts offer,1,NA
paths students,1,NA
pathway maps,1,NA
pathway selected,1,NA
patient care,1,NA
patient examples,1,NA
patient gary,1,NA
patient jill,1,NA
patient without,1,NA
patients despite,1,NA
patients relative,1,NA
pay special,1,NA
pay walls,1,NA
peer interactions,1,NA
peer leaders,1,NA
peer moderator,1,NA
peers additionally,1,NA
peers perspectives,1,NA
pell grants,1,NA
penalty students,1,NA
people living,1,NA
people suffering,1,NA
peoples likely,1,NA
perceived individual,1,NA
perceived lack,1,NA
perception dimension,1,NA
percussion instruments,1,NA
perform alternative,1,NA
perform developmental,1,NA
perform experiments,1,NA
performance anxiety,1,NA
performance confidence,1,NA
period students,1,NA
permanent teams,1,NA
personable caring,1,NA
personal accounts,1,NA
personal attachment,1,NA
personal connection,1,NA
personal experiences,1,NA
personal identity,1,NA
personal investigation,1,NA
personal journeys,1,NA
personal observation,1,NA
personal ones,1,NA
personal pets,1,NA
personal protective,1,NA
personal relevance,1,NA
personal structured,1,NA
personality assessment,1,NA
personalized patient,1,NA
personally perceive,1,NA
personally relevant,1,NA
perspective remind,1,NA
perspectives anonymous,1,NA
pervasive stereotypes,1,NA
phenotypic sex,1,NA
physical capabilities,1,NA
physical connection,1,NA
physical contexts,1,NA
physical involvement,1,NA
physical social,1,NA
pictorial mathematical,1,NA
pictorial representation,1,NA
pictorial representations,1,NA
piques students,1,NA
pivottable implementation,1,NA
place students,1,NA
place unfortunate,1,NA
place value,1,NA
places students,1,NA
placing value,1,NA
plan demographic,1,NA
plant awareness,1,NA
plant communities,1,NA
plants visually,1,NA
play addresses,1,NA
policy encourages,1,NA
policy recommendation,1,NA
political diversity,1,NA
political science,1,NA
poppitmeiosis encourages,1,NA
popular culture,1,NA
population engaging,1,NA
populations diverse,1,NA
populations genders,1,NA
positive collaboration,1,NA
positive environment,1,NA
positive impact,1,NA
positively impact,1,NA
possible alternative,1,NA
possible assignments,1,NA
poster encourages,1,NA
potawatomi nation,1,NA
potential economic,1,NA
potential relationship,1,NA
poverty gender,1,NA
powerful learning,1,NA
powerful tools,1,NA
practices involvement,1,NA
practices promote,1,NA
practices students,1,NA
practices visual,1,NA
pre health,1,NA
preconceived notions,1,NA
predisposition versus,1,NA
predominant group,1,NA
predominant instructional,1,NA
predominantly white,1,NA
prefer individual,1,NA
prefer students,1,NA
preferences abilities,1,NA
preferences visual,1,NA
prepared students,1,NA
prescribed experiment,1,NA
presentation part,1,NA
presentations students,1,NA
presented students,1,NA
pressure environment,1,NA
presumably part,1,NA
prevent economic,1,NA
prevent feelings,1,NA
prevent students,1,NA
previous engagement,1,NA
previously isolated,1,NA
prior background,1,NA
privilege sharing,1,NA
process encouraging,1,NA
process teams,1,NA
processing dimension,1,NA
processing requirements,1,NA
productive collaboration,1,NA
professional interests,1,NA
professional obligations,1,NA
professional societies,1,NA
profound relationship,1,NA
programs additionally,1,NA
project biodiversify,1,NA
project fosters,1,NA
project students,1,NA
promote access,1,NA
promote collaboration,1,NA
promote diversity,1,NA
promote general,1,NA
promote higher,1,NA
promote learning,1,NA
promote participation,1,NA
promote peer,1,NA
promote problem,1,NA
promote students,1,NA
promote two,1,NA
promoter region,1,NA
promotes cognitive,1,NA
promotes connection,1,NA
promotes engagement,1,NA
promotes equitable,1,NA
promotes individual,1,NA
promotes investment,1,NA
promotes participation,1,NA
promotes productivity,1,NA
promotes student,1,NA
promoting diverse,1,NA
promoting engagement,1,NA
promoting equitable,1,NA
promoting inclusive,1,NA
promoting inclusivity,1,NA
prompting students,1,NA
pronouns acknowledges,1,NA
pronouns since,1,NA
protective equipment,1,NA
provide flexibility,1,NA
provide visual,1,NA
provided fair,1,NA
provided opportunities,1,NA
provided students,1,NA
provides authentic,1,NA
provides diverse,1,NA
provides everyone,1,NA
provides opportunity,1,NA
providing awareness,1,NA
providing participation,1,NA
public applications,1,NA
public attitudes,1,NA
public biodiversity,1,NA
public can,1,NA
public messaging,1,NA
public midwestern,1,NA
public narratives,1,NA
public platform,1,NA
public policy,1,NA
public release,1,NA
publicly available,1,NA
pulling together,1,NA
purpose statement,1,NA
purposeful opportunities,1,NA
putting students,1,NA
quarter long,1,NA
questions encourages,1,NA
questions individual,1,NA
questions relevant,1,NA
questions students,1,NA
quickly engage,1,NA
race class,1,NA
race coefficient,1,NA
race etc,1,NA
race ethnicity,1,NA
race gender,1,NA
race national,1,NA
racial bias,1,NA
racial categorization,1,NA
racial gender,1,NA
racial justice,1,NA
racial minority,1,NA
racio ethnic,1,NA
raised hands,1,NA
random assignments,1,NA
rank gender,1,NA
rapidly adapted,1,NA
reader friendly,1,NA
readily adaptable,1,NA
reading assignment,1,NA
reading carefully,1,NA
reading listening,1,NA
real diversity,1,NA
real historical,1,NA
real patient,1,NA
realistic human,1,NA
really enjoyed,1,NA
receive pell,1,NA
recent transition,1,NA
reciprocally improvements,1,NA
recommend based,1,NA
recommend educators,1,NA
recommend establishing,1,NA
recommend following,1,NA
recommend forming,1,NA
recommend incorporating,1,NA
recommend instructors,1,NA
recommend issuing,1,NA
recommend think,1,NA
recommend using,1,NA
recommendation related,1,NA
recommended approach,1,NA
recommended online,1,NA
recreational access,1,NA
reduce anxiety,1,NA
reduce gender,1,NA
reduce public,1,NA
reduced health,1,NA
reduces achievement,1,NA
reducing health,1,NA
reference diversity,1,NA
reflect critically,1,NA
reflect pronouns,1,NA
reflect students,1,NA
reflective practice,1,NA
reflective questions,1,NA
reflective students,1,NA
refuse public,1,NA
regression assignment,1,NA
regular individually,1,NA
regulations students,1,NA
related assignments,1,NA
related comments,1,NA
relationship becomes,1,NA
relationships developed,1,NA
relevant challenges,1,NA
relevant curricula,1,NA
relevant experiments,1,NA
relevant fields,1,NA
relevant photosynthetic,1,NA
relevant preliminary,1,NA
relevant problems,1,NA
relevant sections,1,NA
relevant topics,1,NA
religion socioeconomic,1,NA
religious beliefs,1,NA
religious perspectives,1,NA
religious reference,1,NA
religious themes,1,NA
remained respectful,1,NA
remote inclusive,1,NA
repeating experiments,1,NA
representation visual,1,NA
representations including,1,NA
representations pictorial,1,NA
representations thus,1,NA
represented background,1,NA
represented diverse,1,NA
require diverse,1,NA
requirement however,1,NA
requires active,1,NA
requires creativity,1,NA
requires participation,1,NA
requiring diverse,1,NA
research additionally,1,NA
research interests,1,NA
research mentors,1,NA
research outreach,1,NA
research team,1,NA
resource documenting,1,NA
resources recommended,1,NA
respectful behavior,1,NA
respectful throughout,1,NA
respectfully voice,1,NA
respectfully weighed,1,NA
respecting peers,1,NA
respective groups,1,NA
respective health,1,NA
respects including,1,NA
results students,1,NA
revealed lgbtqia,1,NA
review guides,1,NA
reviews knowledge,1,NA
reviews students,1,NA
rgs encourage,1,NA
right course,1,NA
rightful presence,1,NA
risking failure,1,NA
robust mental,1,NA
role participate,1,NA
roles promote,1,NA
rooms interact,1,NA
rotating member,1,NA
running experiments,1,NA
safe participating,1,NA
safely alter,1,NA
safety policy,1,NA
said improvements,1,NA
satellite connection,1,NA
scaffolded approach,1,NA
scaffolded manner,1,NA
scenario students,1,NA
schedules additionally,1,NA
science accessible,1,NA
science identities,1,NA
science identity,1,NA
science underscores,1,NA
science visual,1,NA
scientific experimentation,1,NA
scientific identity,1,NA
scientific struggle,1,NA
scientist identity,1,NA
scientists lives,1,NA
scientists living,1,NA
scientists students,1,NA
screen names,1,NA
screen thus,1,NA
screening panels,1,NA
seafood traceability,1,NA
seat arrangement,1,NA
seating arrangements,1,NA
sections thesalt,1,NA
see active,1,NA
see comments,1,NA
see diversity,1,NA
seek additional,1,NA
select experimental,1,NA
selected documents,1,NA
selected teams,1,NA
selection biases,1,NA
self assessment,1,NA
sensitive social,1,NA
sensitivity towards,1,NA
sensory input,1,NA
sensory modalities,1,NA
sensory modes,1,NA
series students,1,NA
session additionally,1,NA
session promotes,1,NA
session students,1,NA
sessions participants,1,NA
sessions started,1,NA
several chinese,1,NA
several cooperative,1,NA
several minority,1,NA
several opportunities,1,NA
several parts,1,NA
several visual,1,NA
severe anxiety,1,NA
sex provides,1,NA
sex reversal,1,NA
sexes characterized,1,NA
sexes differently,1,NA
sexual offenses,1,NA
sexual orientation,1,NA
sexual selection,1,NA
sexually reproducing,1,NA
share responsibility,1,NA
shared mental,1,NA
sharing existing,1,NA
sharing ideas,1,NA
sharing pronouns,1,NA
sharing stories,1,NA
sheet individually,1,NA
shy students,1,NA
sick family,1,NA
sierran miwok,1,NA
similarly students,1,NA
simple prerequisite,1,NA
simplified personality,1,NA
simultaneous interaction,1,NA
simultaneously addressed,1,NA
single right,1,NA
situations students,1,NA
skills assessments,1,NA
skills helps,1,NA
skills perspectives,1,NA
skills students,1,NA
slow development,1,NA
small community,1,NA
small teams,1,NA
smart phones,1,NA
social aspects,1,NA
social bias,1,NA
social biases,1,NA
social circles,1,NA
social context,1,NA
social controversies,1,NA
social determinants,1,NA
social entities,1,NA
social equity,1,NA
social identities,1,NA
social learners,1,NA
social learning,1,NA
social logical,1,NA
social relationships,1,NA
social stigmas,1,NA
socially relevant,1,NA
socially supportive,1,NA
societal challenges,1,NA
societies degree,1,NA
society additionally,1,NA
socioeconomic factors,1,NA
soil isolates,1,NA
solitary moment,1,NA
solitary work,1,NA
solo students,1,NA
solve individually,1,NA
solve relevant,1,NA
solving collaborate,1,NA
something addressed,1,NA
south american,1,NA
space missions,1,NA
spatial abilities,1,NA
spatial element,1,NA
speak listen,1,NA
speaking anxiety,1,NA
special equipment,1,NA
species community,1,NA
specific accommodations,1,NA
specific complementary,1,NA
specimen handler,1,NA
specimen supporting,1,NA
specimens via,1,NA
spectrum quieter,1,NA
spread racist,1,NA
stages students,1,NA
stakeholder assessment,1,NA
stakeholder interests,1,NA
stakes assignments,1,NA
stakes environment,1,NA
standing disagreements,1,NA
start point,1,NA
starting point,1,NA
starting points,1,NA
state commented,1,NA
statement listing,1,NA
statements made,1,NA
states community,1,NA
status instructors,1,NA
status lastly,1,NA
status personality,1,NA
status reduced,1,NA
stay healthy,1,NA
stereotypical norms,1,NA
stigmatize students,1,NA
stigmatized lgbtq,1,NA
still encouraging,1,NA
still engage,1,NA
still participate,1,NA
still succeed,1,NA
stimulate conversation,1,NA
stimulate critical,1,NA
strategies engages,1,NA
strategies visual,1,NA
strategy believed,1,NA
strategy encourages,1,NA
strategy helps,1,NA
strategy promoted,1,NA
strengthen arguments,1,NA
strengths became,1,NA
strongly encourage,1,NA
strongly encouraged,1,NA
structural barriers,1,NA
structure encourages,1,NA
structure teamwork,1,NA
structures students,1,NA
struggle allows,1,NA
student additionally,1,NA
student anonymity,1,NA
student anxiety,1,NA
student attitudes,1,NA
student background,1,NA
student confidence,1,NA
student development,1,NA
student dominating,1,NA
student equity,1,NA
student exclusion,1,NA
student identities,1,NA
student interactions,1,NA
student lived,1,NA
student mindsets,1,NA
student motivation,1,NA
student participants,1,NA
student participation,1,NA
student pathway,1,NA
student perspectives,1,NA
student placement,1,NA
student retention,1,NA
student safety,1,NA
student sharing,1,NA
student socioeconomic,1,NA
student students,1,NA
student veterans,1,NA
student voices,1,NA
students ability,1,NA
students achieve,1,NA
students adaptations,1,NA
students allowing,1,NA
students alternatives,1,NA
students answered,1,NA
students apply,1,NA
students asked,1,NA
students asking,1,NA
students assigned,1,NA
students assume,1,NA
students attended,1,NA
students attitudes,1,NA
students awareness,1,NA
students away,1,NA
students based,1,NA
students became,1,NA
students becoming,1,NA
students behavior,1,NA
students belonging,1,NA
students broader,1,NA
students centering,1,NA
students changing,1,NA
students choose,1,NA
students chosen,1,NA
students clarify,1,NA
students classify,1,NA
students co,1,NA
students collaborate,1,NA
students collaborating,1,NA
students collecting,1,NA
students completed,1,NA
students concerned,1,NA
students conduct,1,NA
students connect,1,NA
students consider,1,NA
students considered,1,NA
students continue,1,NA
students contribute,1,NA
students courses,1,NA
students create,1,NA
students cultural,1,NA
students defined,1,NA
students deliberating,1,NA
students designed,1,NA
students directly,1,NA
students disagreed,1,NA
students discussing,1,NA
students diverse,1,NA
students due,1,NA
students early,1,NA
students easy,1,NA
students efforts,1,NA
students either,1,NA
students electronic,1,NA
students encourages,1,NA
students encouraging,1,NA
students engaging,1,NA
students ensure,1,NA
students even,1,NA
students everyone,1,NA
students examined,1,NA
students experience,1,NA
students explicit,1,NA
students explore,1,NA
students explored,1,NA
students facing,1,NA
students fall,1,NA
students fill,1,NA
students freedom,1,NA
students frequently,1,NA
students furthermore,1,NA
students gain,1,NA
students gather,1,NA
students generate,1,NA
students given,1,NA
students help,1,NA
students https,1,NA
students humanize,1,NA
students identify,1,NA
students inclusive,1,NA
students independently,1,NA
students individual,1,NA
students individually,1,NA
students instead,1,NA
students instructors,1,NA
students interested,1,NA
students international,1,NA
students intrinsic,1,NA
students introverted,1,NA
students isolate,1,NA
students kinesthetically,1,NA
students las,1,NA
students leading,1,NA
students leverage,1,NA
students lived,1,NA
students lives,1,NA
students living,1,NA
students look,1,NA
students meet,1,NA
students mid,1,NA
students mobility,1,NA
students navigating,1,NA
students needed,1,NA
students needs,1,NA
students obligations,1,NA
students observations,1,NA
students observe,1,NA
students online,1,NA
students opportunities,1,NA
students opt,1,NA
students originate,1,NA
students pair,1,NA
students participate,1,NA
students perceive,1,NA
students performance,1,NA
students perhaps,1,NA
students pick,1,NA
students picked,1,NA
students placed,1,NA
students post,1,NA
students practice,1,NA
students preferences,1,NA
students prepare,1,NA
students prior,1,NA
students produce,1,NA
students promoting,1,NA
students prompt,1,NA
students quickly,1,NA
students randomly,1,NA
students rather,1,NA
students reacted,1,NA
students read,1,NA
students recognize,1,NA
students recommend,1,NA
students reflect,1,NA
students relationships,1,NA
students represent,1,NA
students respond,1,NA
students resulting,1,NA
students rightful,1,NA
students rotate,1,NA
students said,1,NA
students second,1,NA
students serve,1,NA
students set,1,NA
students sign,1,NA
students since,1,NA
students slides,1,NA
students small,1,NA
students sometime,1,NA
students student,1,NA
students successfully,1,NA
students taking,1,NA
students tend,1,NA
students throughout,1,NA
students thus,1,NA
students together,1,NA
students towards,1,NA
students transition,1,NA
students trying,1,NA
students typically,1,NA
students understanding,1,NA
students unique,1,NA
students use,1,NA
students visual,1,NA
students voice,1,NA
students voices,1,NA
students volunteering,1,NA
students wanting,1,NA
students watched,1,NA
students whether,1,NA
students whose,1,NA
students working,1,NA
students write,1,NA
students written,1,NA
students yield,1,NA
study addresses,1,NA
study bias,1,NA
study guides,1,NA
study partners,1,NA
study students,1,NA
styles interactive,1,NA
subdued coloration,1,NA
submissions upon,1,NA
subsequent development,1,NA
subsequent public,1,NA
successfully determine,1,NA
successfully incorporated,1,NA
successfully integrated,1,NA
suggest opportunities,1,NA
suggestions collaboratively,1,NA
sum students,1,NA
summarized visually,1,NA
summary students,1,NA
supplemental application,1,NA
supplemental file,1,NA
supplemental resource,1,NA
support additionally,1,NA
support diversity,1,NA
��support engagement,1,NA
support healthy,1,NA
support inclusion,1,NA
supporting english,1,NA
supporting healthy,1,NA
supporting misconceptions,1,NA
supportive community,1,NA
supportive group,1,NA
supportive team,1,NA
supports creative,1,NA
supports diverse,1,NA
supports inclusive,1,NA
supports metacognition,1,NA
sure everyone,1,NA
surrounding environments,1,NA
symbiotic partners,1,NA
symbolic molecular,1,NA
symbolic visual,1,NA
system helps,1,NA
ta voices,1,NA
tactile activities,1,NA
tactile experience,1,NA
tactile learners,1,NA
tactile manipulation,1,NA
tactile manipulations,1,NA
take interest,1,NA
takes students,1,NA
talents tell,1,NA
talk listen,1,NA
targeting community,1,NA
tasking students,1,NA
taught actively,1,NA
teach art,1,NA
teach participants,1,NA
teach valuable,1,NA
teaches students,1,NA
teaching students,1,NA
team began,1,NA
team either,1,NA
team expectations,1,NA
team maker,1,NA
team peer,1,NA
team students,1,NA
team valuing,1,NA
teammates abilities,1,NA
teams can,1,NA
teams compete,1,NA
teams discover,1,NA
teams instructors,1,NA
teams provides,1,NA
teams students,1,NA
teams turn,1,NA
teams typically,1,NA
teamwork first,1,NA
teamwork inside,1,NA
teamwork see,1,NA
technique encourages,1,NA
tell students,1,NA
term students,1,NA
testing anxiety,1,NA
testing students,1,NA
tetrahymena focused,1,NA
thereby encourages,1,NA
thereby overcoming,1,NA
therefore adds,1,NA
therefore inexpensive,1,NA
therefore students,1,NA
think critically,1,NA
think individually,1,NA
thoughtful constructive,1,NA
thus encouraging,1,NA
thus inclusive,1,NA
thus need,1,NA
thus students,1,NA
time captionists,1,NA
time encouraging,1,NA
time welcoming,1,NA
together can,1,NA
together effectively,1,NA
together examine,1,NA
together facilitating,1,NA
together finally,1,NA
together however,1,NA
together take,1,NA
traceability issues,1,NA
traditional students,1,NA
traditionally underserved,1,NA
tragic arc,1,NA
train students,1,NA
transcript can,1,NA
transects also,1,NA
transfer unnecessary,1,NA
transgender non,1,NA
translate two,1,NA
translations research,1,NA
transparency improving,1,NA
transparency practices,1,NA
transparency shown,1,NA
transparent alignment,1,NA
transparent learning,1,NA
transportation needs,1,NA
treated well,1,NA
treatments like,1,NA
truman students,1,NA
turns visual,1,NA
two dimensional,1,NA
two gratitude,1,NA
two parents,1,NA
two students,1,NA
two values,1,NA
typical social,1,NA
typically engaged,1,NA
udl guidelines,1,NA
udl requirements,1,NA
ulcer patient,1,NA
unbiased selection,1,NA
uncomfortable disclosing,1,NA
uncomfortable discussing,1,NA
uncomfortable sharing,1,NA
unconsciously restrict,1,NA
uncovered elements,1,NA
undergraduate participants,1,NA
underrepresented background,1,NA
underrepresented minorities,1,NA
underrepresented populations,1,NA
underrepresented racial,1,NA
underserved backgrounds,1,NA
underserved groups,1,NA
underserved racial,1,NA
underserved stem,1,NA
unethical history,1,NA
unfortunate limitations,1,NA
unfortunately studies,1,NA
uniprot additionally,1,NA
unique abilities,1,NA
unique background,1,NA
unique perspectives,1,NA
unit students,1,NA
universal see,1,NA
universally accessible,1,NA
unscripted statements,1,NA
ups encourage,1,NA
urban differences,1,NA
urgent students,1,NA
use art,1,NA
use english,1,NA
use inclusive,1,NA
use students,1,NA
use unbiased,1,NA
use visual,1,NA
used active,1,NA
used easter,1,NA
used transparent,1,NA
uses gender,1,NA
using active,1,NA
using alternate,1,NA
using cultural,1,NA
using demographic,1,NA
using diverse,1,NA
using personal,1,NA
using tactile,1,NA
using visual,1,NA
using wheelchairs,1,NA
utilizing active,1,NA
validating diverse,1,NA
valuable element,1,NA
valuable real,1,NA
valuable regardless,1,NA
value diverse,1,NA
value multiple,1,NA
valued component,1,NA
values diverse,1,NA
values male,1,NA
values might,1,NA
variable gender,1,NA
variables diverse,1,NA
various active,1,NA
various assessments,1,NA
various assignments,1,NA
various earth,1,NA
various parts,1,NA
various societal,1,NA
varying abilities,1,NA
varying achievement,1,NA
varying color,1,NA
varying difficulty,1,NA
varying interests,1,NA
vast diversity,1,NA
verbal interactions,1,NA
verbal symbolic,1,NA
verbal visual,1,NA
versus health,1,NA
vertnet students,1,NA
via screen,1,NA
videos students,1,NA
views depending,1,NA
visible moreover,1,NA
vision impairment,1,NA
vision loss,1,NA
visual aids,1,NA
visual approaches,1,NA
visual elements,1,NA
visual fashion,1,NA
visual formats,1,NA
visual impairment,1,NA
visual material,1,NA
visual materials,1,NA
visual mechanical,1,NA
visual nature,1,NA
visual physical,1,NA
visual properties,1,NA
visual representations,1,NA
visual senses,1,NA
visual sharing,1,NA
visual slides,1,NA
visual tactile,1,NA
visual way,1,NA
visualization tools,1,NA
visualize graphs,1,NA
visualize phenology,1,NA
visually collect,1,NA
visually explore,1,NA
visually locating,1,NA
visually observe,1,NA
visually slides,1,NA
visuals images,1,NA
vocal students,1,NA
voices provide,1,NA
voices think,1,NA
voting silently,1,NA
walk participants,1,NA
want individuals,1,NA
ways celebrates,1,NA
ways particularly,1,NA
wear personal,1,NA
weeks students,1,NA
welcome creative,1,NA
welcome throughout,1,NA
welcoming learning,1,NA
welcoming place,1,NA
welcoming space,1,NA
welcoming students,1,NA
western backgrounds,1,NA
western cultural,1,NA
western scientific,1,NA
westernized science,1,NA
wheelchairs crutches,1,NA
whether gender,1,NA
white board,1,NA
white institution,1,NA
white peers,1,NA
white women,1,NA
whose living,1,NA
wide participation,1,NA
wireless access,1,NA
within developmental,1,NA
within healthcare,1,NA
without disabilities,1,NA
without health,1,NA
without limits,1,NA
without purposeful,1,NA
woman henrietta,1,NA
woman museum,1,NA
women exposure,1,NA
women trans,1,NA
women worksheet,1,NA
wooster students,1,NA
work commutes,1,NA
work cooperatively,1,NA
work engaging,1,NA
work environments,1,NA
work ethic,1,NA
work reflective,1,NA
worked together,1,NA
workshop leaders,1,NA
world interactions,1,NA
world management,1,NA
writing assignment,1,NA
writing interactive,1,NA
wrong students,1,NA
year students,1,NA
years demographic,1,NA
yet inclusive,1,NA
zebrafish heart,1,NA
zone additionally,1,NA
