Year;inclusive_teach_tokens;n
2020;students;352
2022;students;290
2021;students;267
2019;students;212
2017;students;71
2016;students;68
2015;students;52
2014;students;41
2018;students;36
2020;diverse;33
2021;inclusive;33
2022;inclusive;29
2020;opportunity;28
2019;opportunity;24
2020;inclusive;24
2021;diversity;24
2020;visual;22
2019;inclusive;21
2020;engage;21
2020;members;21
2020;participation;21
2022;diversity;21
2020;diversity;19
2022;diverse;19
2016;community;18
2019;diverse;18
2020;assignment;18
2020;backgrounds;18
2021;environment;18
2020;health;17
2021;opportunity;17
2022;individual;17
2019;diversity;16
2020;access;16
2020;community;15
2020;participate;15
2021;active;15
2022;encourage;15
2020;environment;14
2020;individual;14
2020;participating;14
2021;opportunities;14
2022;access;14
2019;individual;13
2019;engage;12
2020;additionally;12
2020;assessment;12
2020;disabilities;12
2020;engagement;12
2020;relevant;12
2022;environment;12
2022;identity;12
2022;opportunity;12
2022;public;12
2019;teams;11
2019;visual;11
2020;collaborative;11
2020;experiment;11
2020;promote;11
2021;backgrounds;11
2021;participants;11
2021;participate;11
2022;need;11
2022;opportunities;11
2022;participation;11
2014;diversity;10
2019;environment;10
2019;participate;10
2019;participation;10
2020;active;10
2020;addition;10
2020;color;10
2020;encourage;10
2020;encouraged;10
2020;inclusion;10
2020;individuals;10
2020;opportunities;10
2021;diverse;10
2021;perspectives;10
2021;social;10
2022;belonging;10
2022;engage;10
2022;perspectives;10
2014;sex;9
2019;additionally;9
2019;encourages;9
2020;cultural;9
2020;encourages;9
2020;encouraging;9
2020;engaging;9
2020;particular;9
2021;access;9
2021;collaborative;9
2021;members;9
2022;additionally;9
2022;assessment;9
2022;backgrounds;9
2022;health;9
2022;participate;9
2022;recommend;9
2015;diversity;8
2016;diversity;8
2019;active;8
2019;encouraged;8
2019;opportunities;8
2020;creative;8
2020;development;8
2020;experiments;8
2020;incorporated;8
2020;particularly;8
2020;personal;8
2020;recommend;8
2020;social;8
2021;additionally;8
2021;community;8
2021;encouraged;8
2021;encourages;8
2021;experimental;8
2021;inclusivity;8
2021;individual;8
2021;participation;8
2021;promotes;8
2022;active;8
2022;gender;8
2022;human;8
2022;particularly;8
2022;visual;8
2017;backgrounds;7
2017;inclusive;7
2017;opportunity;7
2019;addition;7
2019;assessments;7
2019;engaging;7
2019;environmental;7
2019;hands;7
2019;individuals;7
2019;relevant;7
2020;american;7
2020;assessments;7
2020;assignments;7
2020;efficacy;7
2020;equity;7
2020;foster;7
2020;heart;7
2020;individually;7
2020;needs;7
2020;team;7
2020;voices;7
2021;addition;7
2021;address;7
2021;caucasian;7
2021;encourage;7
2021;engage;7
2021;engagement;7
2021;experiment;7
2021;part;7
2021;promote;7
2022;background;7
2022;disabilities;7
2022;engagement;7
2022;inclusion;7
2022;individuals;7
2022;value;7
2016;teams;6
2017;access;6
2017;diversity;6
2019;authentic;6
2019;backgrounds;6
2019;development;6
2019;interact;6
2019;interests;6
2020;cooperative;6
2020;engaged;6
2020;gender;6
2020;hands;6
2020;healthy;6
2020;interest;6
2020;member;6
2020;part;6
2020;perspectives;6
2021;assignment;6
2021;assignments;6
2021;disabilities;6
2021;engages;6
2021;engaging;6
2021;equitable;6
2021;underrepresented;6
2021;value;6
2022;accessible;6
2022;assessments;6
2022;assignment;6
2022;community;6
2022;encouraged;6
2022;equitable;6
2022;equity;6
2022;inclusivity;6
2022;underrepresented;6
2014;diverse;5
2015;individual;5
2016;gender;5
2016;individual;5
2016;individually;5
2017;diverse;5
2017;engage;5
2019;accessible;5
2019;articles;5
2019;assessment;5
2019;background;5
2019;encourage;5
2019;engaged;5
2019;equal;5
2019;everyone;5
2019;experiment;5
2019;helps;5
2019;sex;5
2019;team;5
2020;accessible;5
2020;achievement;5
2020;alternative;5
2020;authentic;5
2020;collaboration;5
2020;comfortable;5
2020;conversation;5
2020;english;5
2020;equal;5
2020;equipment;5
2020;experimental;5
2020;impairments;5
2020;management;5
2020;representations;5
2020;sharing;5
2020;strengths;5
2020;underrepresented;5
2020;value;5
2021;achievement;5
2021;comfortable;5
2021;communities;5
2021;inclusion;5
2021;individually;5
2021;individuals;5
2021;particularly;5
2021;public;5
2022;assignments;5
2022;collaborative;5
2022;comfortable;5
2022;connections;5
2022;cultural;5
2022;development;5
2022;engaging;5
2022;foster;5
2022;gratitude;5
2022;hands;5
2022;identities;5
2022;interact;5
2022;interested;5
2022;interests;5
2022;marginalized;5
2022;part;5
2022;participants;5
2022;social;5
2022;start;5
2022;teamwork;5
2022;udl;5
2014;experimental;4
2014;human;4
2014;need;4
2015;diverse;4
2015;easter;4
2016;access;4
2016;differences;4
2016;members;4
2016;outreach;4
2016;participate;4
2017;addition;4
2017;address;4
2017;individual;4
2017;participate;4
2018;active;4
2018;individual;4
2019;assignment;4
2019;assignments;4
2019;collaborative;4
2019;community;4
2019;confidence;4
2019;equally;4
2019;inclusivity;4
2019;interest;4
2019;members;4
2019;part;4
2019;participants;4
2019;perspectives;4
2019;promote;4
2019;promotes;4
2019;successfully;4
2019;underrepresented;4
2020;actively;4
2020;articles;4
2020;barriers;4
2020;confidence;4
2020;creativity;4
2020;culturally;4
2020;deaf;4
2020;demographic;4
2020;developmental;4
2020;equitable;4
2020;helps;4
2020;identity;4
2020;impact;4
2020;inclusivity;4
2020;involvement;4
2020;living;4
2020;meaningful;4
2020;minority;4
2020;need;4
2020;partner;4
2020;public;4
2020;recommended;4
2020;socioeconomic;4
2020;start;4
2020;successfully;4
2020;supportive;4
2020;transparency;4
2020;visually;4
2020;women;4
2021;accessible;4
2021;article;4
2021;assessment;4
2021;authentic;4
2021;collaboration;4
2021;hands;4
2021;interactions;4
2021;justice;4
2021;needed;4
2021;particular;4
2021;patients;4
2021;personal;4
2021;relevant;4
2021;sharing;4
2021;uncomfortable;4
2022;abilities;4
2022;accessibility;4
2022;addition;4
2022;alternative;4
2022;attitudes;4
2022;collaboration;4
2022;encourages;4
2022;helps;4
2022;humans;4
2022;member;4
2022;particular;4
2022;promotes;4
2022;respectful;4
2022;right;4
2022;sharing;4
2022;struggle;4
2014;abilities;3
2014;differences;3
2014;gender;3
2014;opportunity;3
2014;participate;3
2015;engage;3
2015;environment;3
2015;inclusive;3
2015;interest;3
2015;team;3
2015;visual;3
2016;american;3
2016;collaborative;3
2016;diverse;3
2016;engage;3
2016;engagement;3
2016;hands;3
2016;human;3
2016;identity;3
2016;strengths;3
2016;visual;3
2017;active;3
2017;encourage;3
2017;encouraged;3
2017;environment;3
2017;individuals;3
2017;member;3
2017;minority;3
2017;misconceptions;3
2017;opportunities;3
2017;social;3
2017;strengths;3
2018;collaborative;3
2018;community;3
2018;diverse;3
2018;diversity;3
2018;engage;3
2018;engagement;3
2018;everyone;3
2018;inclusive;3
2018;promote;3
2019;access;3
2019;accommodated;3
2019;alternative;3
2019;article;3
2019;barriers;3
2019;bias;3
2019;collaboration;3
2019;connection;3
2019;cooperative;3
2019;creative;3
2019;differences;3
2019;encouraging;3
2019;engagement;3
2019;engages;3
2019;experimentation;3
2019;foster;3
2019;minority;3
2019;native;3
2019;particularly;3
2019;personal;3
2019;public;3
2019;recommend;3
2019;representations;3
2019;social;3
2019;tactile;3
2019;teamwork;3
2019;value;3
2019;values;3
2019;views;3
2019;women;3
2020;additional;3
2020;addresses;3
2020;although;3
2020;amenable;3
2020;art;3
2020;article;3
2020;artistic;3
2020;background;3
2020;believe;3
2020;belong;3
2020;belonging;3
2020;collaboratively;3
2020;colorblindness;3
2020;connected;3
2020;connections;3
2020;critical;3
2020;cultures;3
2020;dimensional;3
2020;dimensions;3
2020;disparities;3
2020;element;3
2020;environmental;3
2020;everyone;3
2020;fostering;3
2020;identities;3
2020;impacts;3
2020;implemented;3
2020;interactions;3
2020;interactive;3
2020;interested;3
2020;interests;3
2020;investment;3
2020;limitations;3
2020;manipulative;3
2020;menu;3
2020;minorities;3
2020;native;3
2020;needed;3
2020;participants;3
2020;pictorial;3
2020;predominated;3
2020;racial;3
2020;reflective;3
2020;screen;3
2020;teams;3
2021;abilities;3
2021;accommodating;3
2021;actively;3
2021;additional;3
2021;americans;3
2021;barriers;3
2021;black;3
2021;collaboratively;3
2021;connection;3
2021;cultural;3
2021;development;3
2021;enjoy;3
2021;equal;3
2021;equity;3
2021;everyone;3
2021;female;3
2021;gender;3
2021;health;3
2021;helps;3
2021;identities;3
2021;implemented;3
2021;interactive;3
2021;marginalized;3
2021;meaningful;3
2021;need;3
2021;participant;3
2021;partner;3
2021;parts;3
2021;pronouns;3
2021;race;3
2021;status;3
2021;supported;3
2021;supportive;3
2021;team;3
2021;transparency;3
2021;treatment;3
2021;voices;3
2022;achievement;3
2022;address;3
2022;agency;3
2022;authentic;3
2022;barriers;3
2022;collaborate;3
2022;collaboratively;3
2022;color;3
2022;communities;3
2022;conversations;3
2022;cultures;3
2022;efficacy;3
2022;encouraging;3
2022;engaged;3
2022;everyone;3
2022;experiments;3
2022;family;3
2022;females;3
2022;historically;3
2022;implemented;3
2022;implementing;3
2022;indigenous;3
2022;interactions;3
2022;interest;3
2022;lives;3
2022;living;3
2022;needed;3
2022;needs;3
2022;personal;3
2022;personality;3
2022;political;3
2022;teams;3
2022;transparency;3
2022;universal;3
2022;vision;3
2014;address;2
2014;african;2
2014;american;2
2014;background;2
2014;cultured;2
2014;dimensional;2
2014;engage;2
2014;health;2
2014;individual;2
2014;interesting;2
2014;lives;2
2014;members;2
2014;needs;2
2014;participated;2
2014;personality;2
2014;religious;2
2014;teams;2
2014;visual;2
2014;women;2
2015;abilities;2
2015;addition;2
2015;backgrounds;2
2015;christian;2
2015;collaborate;2
2015;communities;2
2015;contributing;2
2015;encourage;2
2015;engaging;2
2015;hands;2
2015;helps;2
2015;historical;2
2015;human;2
2015;impact;2
2015;inclusion;2
2015;individually;2
2015;interesting;2
2015;interests;2
2015;need;2
2015;opportunity;2
2015;particular;2
2015;parts;2
2015;perceived;2
2015;race;2
2015;value;2
2016;accessible;2
2016;actively;2
2016;addition;2
2016;additionally;2
2016;addresses;2
2016;assessment;2
2016;color;2
2016;development;2
2016;encourage;2
2016;encourages;2
2016;engaging;2
2016;environment;2
2016;experimental;2
2016;impaired;2
2016;implementation;2
2016;implemented;2
2016;inclusion;2
2016;inclusive;2
2016;interact;2
2016;opportunities;2
2016;participants;2
2016;perspectives;2
2016;sexual;2
2016;team;2
2016;transfer;2
2016;visually;2
2017;abilities;2
2017;assignment;2
2017;background;2
2017;comfortable;2
2017;cooperative;2
2017;differences;2
2017;encourages;2
2017;encouraging;2
2017;engaging;2
2017;inclusion;2
2017;interaction;2
2017;members;2
2017;msis;2
2017;needs;2
2017;particularly;2
2017;phenomena;2
2017;prerequisite;2
2017;racial;2
2017;team;2
2017;teams;2
2017;teamwork;2
2017;underrepresented;2
2017;visual;2
2018;article;2
2018;backgrounds;2
2018;commented;2
2018;economically;2
2018;encourage;2
2018;encourages;2
2018;encouraging;2
2018;environment;2
2018;relevant;2
2018;team;2
2018;underrepresented;2
2019;actively;2
2019;although;2
2019;american;2
2019;attitudes;2
2019;belonging;2
2019;biointeractive;2
2019;black;2
2019;collaboratively;2
2019;color;2
2019;comfortable;2
2019;confident;2
2019;connections;2
2019;contexts;2
2019;controversies;2
2019;demographic;2
2019;difficulty;2
2019;dimension;2
2019;division;2
2019;experimental;2
2019;experiments;2
2019;family;2
2019;identity;2
2019;impact;2
2019;impairments;2
2019;improvement;2
2019;improvements;2
2019;inclusion;2
2019;incorporated;2
2019;individually;2
2019;interaction;2
2019;interactive;2
2019;leader;2
2019;lived;2
2019;lives;2
2019;living;2
2019;meaningfully;2
2019;member;2
2019;need;2
2019;partner;2
2019;prerequisite;2
2019;promoted;2
2019;pronouns;2
2019;racial;2
2019;responsibility;2
2019;sharing;2
2019;statement;2
2019;strengths;2
2019;transparent;2
2019;underserved;2
2019;universal;2
2019;valued;2
2019;visible;2
2019;visualize;2
2019;visually;2
2019;welcoming;2
2020;adaptable;2
2020;added;2
2020;african;2
2020;alternate;2
2020;arrangements;2
2020;atmosphere;2
2020;auditory;2
2020;awareness;2
2020;beliefs;2
2020;bilingual;2
2020;blindness;2
2020;carefully;2
2020;caucasian;2
2020;communities;2
2020;comradery;2
2020;confident;2
2020;connection;2
2020;crutches;2
2020;curiosity;2
2020;discourage;2
2020;diversify;2
2020;enjoyed;2
2020;enrollment;2
2020;established;2
2020;excitement;2
2020;financial;2
2020;flowchart;2
2020;fully;2
2020;gestures;2
2020;human;2
2020;impaired;2
2020;inspired;2
2020;insurance;2
2020;intentional;2
2020;invites;2
2020;justice;2
2020;lively;2
2020;mentoring;2
2020;moment;2
2020;participates;2
2020;partners;2
2020;patient;2
2020;personally;2
2020;perspective;2
2020;powerful;2
2020;promotes;2
2020;recommendations;2
2020;respective;2
2020;right;2
2020;solitary;2
2020;specimens;2
2020;starts;2
2020;status;2
2020;supplementary;2
2020;symbolic;2
2020;symbolically;2
2020;transects;2
2020;transfer;2
2020;universal;2
2020;valued;2
2020;visible;2
2020;vision;2
2020;visualize;2
2020;welcoming;2
2020;western;2
2020;wheelchairs;2
2021;accessibility;2
2021;accommodations;2
2021;alignment;2
2021;alternatives;2
2021;assessments;2
2021;background;2
2021;belonging;2
2021;bias;2
2021;bioactive;2
2021;biodiversity;2
2021;collaborate;2
2021;color;2
2021;comments;2
2021;contexts;2
2021;cooperative;2
2021;critical;2
2021;disability;2
2021;documents;2
2021;efficacy;2
2021;elements;2
2021;encouraging;2
2021;english;2
2021;equally;2
2021;family;2
2021;flexibility;2
2021;foster;2
2021;guides;2
2021;healthcare;2
2021;historical;2
2021;historically;2
2021;human;2
2021;incorporated;2
2021;interest;2
2021;interesting;2
2021;interests;2
2021;member;2
2021;minority;2
2021;msis;2
2021;needs;2
2021;obligations;2
2021;participates;2
2021;patient;2
2021;perspective;2
2021;relationship;2
2021;respect;2
2021;scaffolded;2
2021;socioeconomic;2
2021;strengths;2
2021;successfully;2
2021;traditionally;2
2021;unbiased;2
2021;visual;2
2021;visually;2
2021;welcoming;2
2021;white;2
2022;accountability;2
2022;american;2
2022;argumentation;2
2022;articles;2
2022;auditory;2
2022;bias;2
2022;biodiversity;2
2022;coloration;2
2022;connected;2
2022;connection;2
2022;cooperative;2
2022;critically;2
2022;culturally;2
2022;differences;2
2022;economic;2
2022;environments;2
2022;equal;2
2022;facilitator;2
2022;failure;2
2022;feeling;2
2022;feelings;2
2022;government;2
2022;historical;2
2022;impaired;2
2022;income;2
2022;individually;2
2022;intentional;2
2022;interaction;2
2022;isolation;2
2022;male;2
2022;management;2
2022;members;2
2022;motivation;2
2022;partners;2
2022;patient;2
2022;promote;2
2022;requirements;2
2022;respect;2
2022;screen;2
2022;sex;2
2022;sexes;2
2022;smartphone;2
2022;socioeconomic;2
2022;stereotypes;2
2022;strengths;2
2022;succeed;2
2022;successfully;2
2022;tactile;2
2022;team;2
2022;threats;2
2022;transfers;2
2022;transition;2
2022;underserved;2
2022;valued;2
2022;visually;2
2022;white;2
2014;accommodations;1
2014;addresses;1
2014;arguments;1
2014;articles;1
2014;assessment;1
2014;backgrounds;1
2014;collaboration;1
2014;collaborative;1
2014;communities;1
2014;confused;1
2014;disabilities;1
2014;disengaged;1
2014;division;1
2014;engaged;1
2014;engages;1
2014;environments;1
2014;equally;1
2014;equipment;1
2014;experiment;1
2014;family;1
2014;fatherless;1
2014;femaleness;1
2014;fully;1
2014;identity;1
2014;impact;1
2014;improvement;1
2014;inclusion;1
2014;inclusive;1
2014;individuals;1
2014;invites;1
2014;isolated;1
2014;leader;1
2014;maleness;1
2014;men;1
2014;opportunities;1
2014;part;1
2014;participant;1
2014;participating;1
2014;particularly;1
2014;pathway;1
2014;personal;1
2014;personalities;1
2014;perspectives;1
2014;racial;1
2014;relationship;1
2014;relationships;1
2014;sexual;1
2014;spectrum;1
2014;strengths;1
2014;succeed;1
2014;supplemental;1
2014;tactile;1
2014;talents;1
2014;team;1
2014;translate;1
2014;votes;1
2014;white;1
2015;accessible;1
2015;accommodating;1
2015;accommodators;1
2015;accountability;1
2015;active;1
2015;actively;1
2015;ada;1
2015;address;1
2015;alternatives;1
2015;although;1
2015;appealing;1
2015;assessment;1
2015;background;1
2015;believe;1
2015;benefitting;1
2015;brightly;1
2015;chinese;1
2015;collaborative;1
2015;collaboratively;1
2015;colored;1
2015;complimentary;1
2015;connected;1
2015;connections;1
2015;cooperative;1
2015;cultural;1
2015;curiosity;1
2015;difficulty;1
2015;encouraging;1
2015;engagement;1
2015;english;1
2015;enjoy;1
2015;enthusiasm;1
2015;envision;1
2015;equal;1
2015;experimentation;1
2015;experiments;1
2015;fosters;1
2015;friendly;1
2015;gender;1
2015;health;1
2015;implements;1
2015;individuality;1
2015;individuals;1
2015;interact;1
2015;interacting;1
2015;interactive;1
2015;introversion;1
2015;investment;1
2015;involvement;1
2015;judgment;1
2015;member;1
2015;members;1
2015;minority;1
2015;miwok;1
2015;native;1
2015;needs;1
2015;overcoming;1
2015;part;1
2015;participate;1
2015;participated;1
2015;participates;1
2015;participating;1
2015;particles;1
2015;pay;1
2015;peoples;1
2015;perspective;1
2015;perspectives;1
2015;punishment;1
2015;quarter;1
2015;recommend;1
2015;reflective;1
2015;reinforcement;1
2015;relevant;1
2015;religious;1
2015;sensory;1
2015;sexuality;1
2015;socially;1
2015;socioeconomic;1
2015;strengths;1
2015;supportive;1
2015;teams;1
2015;teamwork;1
2015;tragic;1
2015;translates;1
2015;woman;1
2016;abilities;1
2016;accommodates;1
2016;active;1
2016;adapted;1
2016;addressing;1
2016;allied;1
2016;arguments;1
2016;article;1
2016;assessments;1
2016;assignment;1
2016;auditory;1
2016;awareness;1
2016;backgrounds;1
2016;blind;1
2016;collaborate;1
2016;collaborating;1
2016;collaboration;1
2016;colorblindness;1
2016;comfortable;1
2016;cultural;1
2016;cultures;1
2016;demographic;1
2016;division;1
2016;elements;1
2016;empathy;1
2016;encouraged;1
2016;encouraging;1
2016;engages;1
2016;enrollment;1
2016;equipment;1
2016;experimentation;1
2016;extroverts;1
2016;female;1
2016;foster;1
2016;health;1
2016;impact;1
2016;implementing;1
2016;inclusivity;1
2016;income;1
2016;introverts;1
2016;invite;1
2016;invited;1
2016;irrespective;1
2016;kindergartners;1
2016;limits;1
2016;listening;1
2016;male;1
2016;management;1
2016;misconception;1
2016;moderator;1
2016;needed;1
2016;needs;1
2016;neighbors;1
2016;opportunity;1
2016;participating;1
2016;participation;1
2016;particular;1
2016;particularly;1
2016;pell;1
2016;plurality;1
2016;promote;1
2016;promotes;1
2016;public;1
2016;recommendations;1
2016;respectfully;1
2016;sensitivity;1
2016;sharing;1
2016;socioeconomic;1
2016;starting;1
2016;stories;1
2016;struggle;1
2016;successfully;1
2016;supportive;1
2016;talents;1
2016;teamwork;1
2016;transparent;1
2016;treatments;1
2016;underrepresented;1
2016;underscore;1
2016;unfortunately;1
2016;value;1
2016;valued;1
2016;weaknesses;1
2017;accessibility;1
2017;add;1
2017;additional;1
2017;addresses;1
2017;alternatively;1
2017;articles;1
2017;articulate;1
2017;assessment;1
2017;assignments;1
2017;atmosphere;1
2017;attitude;1
2017;auditory;1
2017;captioned;1
2017;categorization;1
2017;collaboration;1
2017;collaborative;1
2017;collaboratively;1
2017;collaborators;1
2017;community;1
2017;connections;1
2017;cultural;1
2017;development;1
2017;disadvantaging;1
2017;documents;1
2017;efficacy;1
2017;element;1
2017;engages;1
2017;enthusiasm;1
2017;environmental;1
2017;equity;1
2017;expensive;1
2017;experiment;1
2017;experimental;1
2017;experiments;1
2017;fostered;1
2017;hands;1
2017;health;1
2017;helps;1
2017;implementation;1
2017;implemented;1
2017;individualactors;1
2017;individuality;1
2017;intentional;1
2017;interact;1
2017;interactive;1
2017;interests;1
2017;justice;1
2017;mention;1
2017;mentoring;1
2017;motivated;1
2017;need;1
2017;overcoming;1
2017;particular;1
2017;partner;1
2017;partners;1
2017;personal;1
2017;perspectives;1
2017;possibilities;1
2017;predisposition;1
2017;predominant;1
2017;pride;1
2017;promote;1
2017;promotes;1
2017;public;1
2017;publicly;1
2017;reflected;1
2017;relevant;1
2017;remember;1
2017;respect;1
2017;reviews;1
2017;scaffolded;1
2017;solitary;1
2017;successfully;1
2017;supplemental;1
2017;tactile;1
2017;unconsciously;1
2017;underserved;1
2017;valuable;1
2017;value;1
2017;views;1
2017;visually;1
2018;accessible;1
2018;achievement;1
2018;addition;1
2018;additional;1
2018;additionally;1
2018;although;1
2018;articles;1
2018;assessments;1
2018;background;1
2018;bias;1
2018;black;1
2018;captioning;1
2018;connected;1
2018;contexts;1
2018;controversial;1
2018;creatively;1
2018;curiosity;1
2018;department;1
2018;development;1
2018;disadvantages;1
2018;economic;1
2018;encouraged;1
2018;engaged;1
2018;experiments;1
2018;failure;1
2018;flexibility;1
2018;fostering;1
2018;guides;1
2018;helps;1
2018;impairments;1
2018;inclusion;1
2018;individuals;1
2018;interactive;1
2018;interest;1
2018;interests;1
2018;invites;1
2018;involvement;1
2018;living;1
2018;moral;1
2018;motivation;1
2018;need;1
2018;participation;1
2018;particular;1
2018;perspectives;1
2018;predominant;1
2018;promotes;1
2018;races;1
2018;recommend;1
2018;reflective;1
2018;representations;1
2018;right;1
2018;strengths;1
2018;struggle;1
2018;succeed;1
2018;supplement;1
2018;teamwork;1
2018;thesalt;1
2018;transcript;1
2019;abilities;1
2019;accomplishments;1
2019;accountability;1
2019;accountabilityand;1
2019;achievable;1
2019;achievement;1
2019;adapting;1
2019;added;1
2019;additional;1
2019;address;1
2019;addressed;1
2019;african;1
2019;alternatively;1
2019;appealing;1
2019;appreciated;1
2019;arrangement;1
2019;articulate;1
2019;artistic;1
2019;attachment;1
2019;audiovisual;1
2019;authoritative;1
2019;believe;1
2019;binary;1
2019;biodiversity;1
2019;capabilities;1
2019;capable;1
2019;citizens;1
2019;collaborate;1
2019;collegial;1
2019;colors;1
2019;commitment;1
2019;commitments;1
2019;complement;1
2019;complementary;1
2019;complemented;1
2019;cooperate;1
2019;critical;1
2019;cultural;1
2019;culturally;1
2019;cultures;1
2019;deficit;1
2019;demographics;1
2019;developmental;1
2019;dimensional;1
2019;disabilities;1
2019;disagreements;1
2019;elements;1
2019;empower;1
2019;english;1
2019;enjoyment;1
2019;equipment;1
2019;equitable;1
2019;exciting;1
2019;fafsa;1
2019;feeling;1
2019;females;1
2019;filipino;1
2019;fostered;1
2019;fostering;1
2019;fully;1
2019;fundamental;1
2019;gateway;1
2019;gender;1
2019;genders;1
2019;hawaiian;1
2019;health;1
2019;hispanic;1
2019;hmong;1
2019;identities;1
2019;impairment;1
2019;implementation;1
2019;implemented;1
2019;implementing;1
2019;income;1
2019;inspiring;1
2019;interactions;1
2019;interacts;1
2019;internalization;1
2019;investment;1
2019;involvement;1
2019;irrespective;1
2019;isolated;1
2019;judgement;1
2019;latinx;1
2019;leaders;1
2019;leadership;1
2019;linguistic;1
2019;listening;1
2019;males;1
2019;management;1
2019;meaningful;1
2019;meaningfulness;1
2019;measurement;1
2019;mental;1
2019;mingle;1
2019;minorities;1
2019;misconceptions;1
2019;missions;1
2019;moderator;1
2019;moments;1
2019;motivation;1
2019;needs;1
2019;obligations;1
2019;outreach;1
2019;parents;1
2019;participating;1
2019;particular;1
2019;pathway;1
2019;pathways;1
2019;penalty;1
2019;personalities;1
2019;personality;1
2019;perspective;1
2019;pictorial;1
2019;race;1
2019;races;1
2019;recognized;1
2019;reflecting;1
2019;refreshing;1
2019;relationships;1
2019;reviews;1
2019;sensory;1
2019;sexes;1
2019;sexual;1
2019;skepticism;1
2019;socially;1
2019;specimen;1
2019;specimens;1
2019;start;1
2019;starting;1
2019;starts;1
2019;statements;1
2019;status;1
2019;stories;1
2019;struggle;1
2019;struggling;1
2019;succeed;1
2019;teammates;1
2019;traditionally;1
2019;trahymena;1
2019;transgender;1
2019;uncomfortable;1
2019;universally;1
2019;validate;1
2019;valuable;1
2019;voices;1
2019;voting;1
2020;abilities;1
2020;abled;1
2020;accessibility;1
2020;accomplished;1
2020;adapted;1
2020;adding;1
2020;address;1
2020;addressed;1
2020;advocacy;1
2020;advocates;1
2020;alter;1
2020;alternatively;1
2020;appreciated;1
2020;arrangement;1
2020;arts;1
2020;asian;1
2020;asl;1
2020;assistive;1
2020;augment;1
2020;authenticity;1
2020;blackboard;1
2020;broadens;1
2020;camaraderie;1
2020;capabilities;1
2020;caption;1
2020;captions;1
2020;carpools;1
2020;cautious;1
2020;celebrate;1
2020;celebrates;1
2020;citizens;1
2020;collaborate;1
2020;commitments;1
2020;compelling;1
2020;complementary;1
2020;conforming;1
2020;connecting;1
2020;connects;1
2020;contexts;1
2020;contributing;1
2020;conversations;1
2020;cooperatively;1
2020;costs;1
2020;cultivating;1
2020;desirable;1
2020;differences;1
2020;discrimination;1
2020;diversified;1
2020;division;1
2020;documentary;1
2020;documenting;1
2020;dominating;1
2020;earth;1
2020;economic;1
2020;economically;1
2020;economics;1
2020;elements;1
2020;embraced;1
2020;embraces;1
2020;empower;1
2020;engages;1
2020;enriching;1
2020;enthusiasm;1
2020;environments;1
2020;equalize;1
2020;equally;1
2020;exciting;1
2020;exclusion;1
2020;exhaustion;1
2020;exploits;1
2020;extroversion;1
2020;fair;1
2020;families;1
2020;family;1
2020;fatigue;1
2020;feelings;1
2020;females;1
2020;flexibility;1
2020;fosters;1
2020;gay;1
2020;guides;1
2020;healthcare;1
2020;healthier;1
2020;historical;1
2020;homeland;1
2020;humanity;1
2020;humans;1
2020;illustrations;1
2020;implementation;1
2020;implementing;1
2020;implements;1
2020;inaccessible;1
2020;inclusiveness;1
2020;individualized;1
2020;instruments;1
2020;intentionally;1
2020;interact;1
2020;interesting;1
2020;interestingly;1
2020;interpersonal;1
2020;intrapersonal;1
2020;introversion;1
2020;invisible;1
2020;invite;1
2020;invited;1
2020;isolate;1
2020;isolated;1
2020;isolation;1
2020;limitation;1
2020;linguistic;1
2020;listening;1
2020;lives;1
2020;males;1
2020;maternity;1
2020;measurements;1
2020;men;1
2020;mentioned;1
2020;mentions;1
2020;misconceptions;1
2020;moderator;1
2020;motivating;1
2020;movements;1
2020;neighborhood;1
2020;obligations;1
2020;outgoing;1
2020;overcoming;1
2020;overlooked;1
2020;participated;1
2020;parts;1
2020;patients;1
2020;pay;1
2020;portraits;1
2020;preconceived;1
2020;prehealth;1
2020;propelling;1
2020;purposeful;1
2020;race;1
2020;racio;1
2020;relationship;1
2020;relationships;1
2020;requirement;1
2020;respect;1
2020;sex;1
2020;sexes;1
2020;socially;1
2020;socio;1
2020;spectrum;1
2020;started;1
2020;starting;1
2020;statement;1
2020;stereotypical;1
2020;stressful;1
2020;structural;1
2020;submissions;1
2020;supplement;1
2020;supported;1
2020;tactile;1
2020;thoughtful;1
2020;traceability;1
2020;traditionally;1
2020;trans;1
2020;transition;1
2020;transparent;1
2020;transportation;1
2020;treated;1
2020;treatments;1
2020;unbiased;1
2020;uncomfortable;1
2020;underserved;1
2020;unfortunate;1
2020;valuable;1
2020;views;1
2020;visuals;1
2020;weaknesses;1
2020;welcome;1
2020;wheels;1
2020;white;1
2020;whiteboards;1
2020;woman;1
2020;wonder;1
2021;abled;1
2021;accomplished;1
2021;accountability;1
2021;adapt;1
2021;adaptability;1
2021;adaptable;1
2021;adapted;1
2021;adds;1
2021;adjustment;1
2021;african;1
2021;allied;1
2021;although;1
2021;altruistic;1
2021;american;1
2021;anonymity;1
2021;articles;1
2021;asian;1
2021;atmosphere;1
2021;awareness;1
2021;biases;1
2021;blindness;1
2021;broadening;1
2021;carefully;1
2021;caring;1
2021;children;1
2021;collaborated;1
2021;collaborating;1
2021;colonialism;1
2021;colors;1
2021;complementary;1
2021;confidently;1
2021;connected;1
2021;contributing;1
2021;conversations;1
2021;creative;1
2021;critically;1
2021;criticized;1
2021;cultivates;1
2021;cultivating;1
2021;culturally;1
2021;culture;1
2021;decolonizing;1
2021;deficits;1
2021;departments;1
2021;developmental;1
2021;developments;1
2021;dialogues;1
2021;differences;1
2021;disadvantage;1
2021;discourages;1
2021;disenfranchisement;1
2021;disparity;1
2021;divides;1
2021;documentary;1
2021;documenting;1
2021;element;1
2021;empathy;1
2021;engaged;1
2021;enjoyed;1
2021;enthusiastically;1
2021;environmental;1
2021;envision;1
2021;equalizing;1
2021;equipment;1
2021;expensive;1
2021;failure;1
2021;fair;1
2021;females;1
2021;ferpa;1
2021;fostering;1
2021;friendly;1
2021;fully;1
2021;fundamental;1
2021;government;1
2021;historic;1
2021;identity;1
2021;impact;1
2021;impacted;1
2021;impaired;1
2021;impartial;1
2021;improvements;1
2021;inclusively;1
2021;inclusiveness;1
2021;income;1
2021;indigenous;1
2021;inequities;1
2021;intention;1
2021;intentionally;1
2021;interaction;1
2021;interpersonal;1
2021;invites;1
2021;isolates;1
2021;lgbtq;1
2021;lgbtqia;1
2021;listen;1
2021;lives;1
2021;male;1
2021;management;1
2021;margin;1
2021;mental;1
2021;mentor;1
2021;migrants;1
2021;minorities;1
2021;minoritized;1
2021;misconceptions;1
2021;moments;1
2021;moral;1
2021;multipart;1
2021;neighborhoods;1
2021;noninteractive;1
2021;normalizes;1
2021;openness;1
2021;participated;1
2021;participating;1
2021;partners;1
2021;pathway;1
2021;personable;1
2021;personalized;1
2021;personally;1
2021;phenomena;1
2021;poverty;1
2021;predominantly;1
2021;pressure;1
2021;privilege;1
2021;promoted;1
2021;promoter;1
2021;quarter;1
2021;racial;1
2021;rapport;1
2021;recommendations;1
2021;reflective;1
2021;reinforcement;1
2021;relatable;1
2021;relationships;1
2021;screen;1
2021;screening;1
2021;screensharing;1
2021;smartphone;1
2021;socially;1
2021;start;1
2021;started;1
2021;statement;1
2021;statements;1
2021;stigmas;1
2021;stigmatized;1
2021;storytelling;1
2021;suffering;1
2021;supplement;1
2021;supplemental;1
2021;supplementation;1
2021;supplemented;1
2021;talents;1
2021;transitioning;1
2021;translate;1
2021;translations;1
2021;transparent;1
2021;treatments;1
2021;underscores;1
2021;underserved;1
2021;valuable;1
2021;values;1
2021;violation;1
2021;welcome;1
2021;welcomed;1
2021;western;1
2021;westernization;1
2021;westernized;1
2022;accesses;1
2022;accommodating;1
2022;accomplished;1
2022;actively;1
2022;ada;1
2022;adaptable;1
2022;adaptations;1
2022;adapted;1
2022;adapting;1
2022;added;1
2022;addressed;1
2022;addresses;1
2022;african;1
2022;agricultural;1
2022;alt;1
2022;alternate;1
2022;alternatively;1
2022;alternatives;1
2022;although;1
2022;announcement;1
2022;arrangement;1
2022;arrangements;1
2022;articulated;1
2022;atmosphere;1
2022;authority;1
2022;awareness;1
2022;barrier;1
2022;beliefs;1
2022;believed;1
2022;biases;1
2022;binary;1
2022;biodiversify;1
2022;black;1
2022;blackboard;1
2022;camaraderie;1
2022;captionists;1
2022;captions;1
2022;carefully;1
2022;classist;1
2022;colonialist;1
2022;colors;1
2022;commutes;1
2022;compelling;1
2022;confidence;1
2022;contributing;1
2022;controversial;1
2022;creativity;1
2022;cultivating;1
2022;culture;1
2022;culturing;1
2022;deaf;1
2022;democratizes;1
2022;dimensions;1
2022;disability;1
2022;discourage;1
2022;disparity;1
2022;divergent;1
2022;diversified;1
2022;diversify;1
2022;diversifying;1
2022;documents;1
2022;economically;1
2022;element;1
2022;elements;1
2022;empathy;1
2022;empower;1
2022;empowered;1
2022;english;1
2022;enrollment;1
2022;equally;1
2022;exclusion;1
2022;expensive;1
2022;experimental;1
2022;extroverts;1
2022;fair;1
2022;female;1
2022;flexibility;1
2022;fostering;1
2022;fosters;1
2022;friendly;1
2022;fully;1
2022;fundamentally;1
2022;gendered;1
2022;geographically;1
2022;grateful;1
2022;guides;1
2022;healthcare;1
2022;heart;1
2022;hispanic;1
2022;hobbies;1
2022;humanity;1
2022;humanize;1
2022;ideologies;1
2022;impact;1
2022;impactful;1
2022;impacts;1
2022;impairment;1
2022;impairments;1
2022;implements;1
2022;imposter;1
2022;improvement;1
2022;inappropriate;1
2022;incorporated;1
2022;inexpensive;1
2022;infringe;1
2022;instrument;1
2022;interesting;1
2022;intersections;1
2022;interviews;1
2022;introductions;1
2022;introverts;1
2022;invisible;1
2022;invites;1
2022;journeys;1
2022;judgement;1
2022;latino;1
2022;leaders;1
2022;lgbtq;1
2022;limitations;1
2022;listen;1
2022;listening;1
2022;males;1
2022;measurements;1
2022;mentored;1
2022;mentoring;1
2022;mentors;1
2022;midwestern;1
2022;misconceptions;1
2022;moderators;1
2022;motivations;1
2022;multicultural;1
2022;nationality;1
2022;native;1
2022;neighborhoods;1
2022;obligations;1
2022;ownerships;1
2022;parts;1
2022;pathway;1
2022;phenomena;1
2022;phenomenon;1
2022;placement;1
2022;potawatomi;1
2022;presence;1
2022;pressures;1
2022;privilege;1
2022;promoted;1
2022;pronoun;1
2022;pronouns;1
2022;race;1
2022;racial;1
2022;racist;1
2022;recommendation;1
2022;recommended;1
2022;reflecting;1
2022;reflective;1
2022;relatable;1
2022;relevant;1
2022;religion;1
2022;religious;1
2022;respectfully;1
2022;respecting;1
2022;respects;1
2022;rightful;1
2022;scaffolded;1
2022;sensory;1
2022;sexism;1
2022;sexual;1
2022;sexually;1
2022;smart;1
2022;socio;1
2022;specimen;1
2022;started;1
2022;statements;1
2022;status;1
2022;stigmatize;1
2022;stories;1
2022;strengthens;1
2022;struggles;1
2022;supplementary;1
2022;supported;1
2022;traditions;1
2022;transcript;1
2022;transfer;1
2022;treated;1
2022;treatment;1
2022;values;1
2022;valuing;1
2022;views;1
2022;visibility;1
2022;visualization;1
2022;visualizations;1
2022;voices;1
2022;wealth;1
2022;welcomed;1
2022;woman;1
2022;women;1
